"ID","Player","Team","Position","RkOv","Status","Opponent","FPts","FP/G","Ros","+/-","GP","GS","Min","G","KP","AT","SOT","TkW","DIS","YC","RC","Pen","ACNC","Int","CLR","CoS","BS","AER","SBON","SBOF","PKM","PKD","OG","GAO","CS"
"*070cj*","Noah Okafor","LEE","F","198","FA","BOU Sat 3:00PM","19.88","19.88","15%","+7.8%","1","1","69","1","0","0","1","0","1","0","0","0","0","1","0","6","0","0","0","1","0","0","0","1","0"
"*03gu4*","Harry Maguire","MUN","D","203","FA","@BRF Sat 12:30PM","19.78","19.78","12%","+1.6%","1","1","69","0","1","1","0","1","1","0","0","0","0","2","0","0","0","1","0","1","0","0","0","0","1"
"*068yc*","Yasin Ayari","BHA","M","103","FA","@CHE Sat 3:00PM","19.45","19.45","19%","+13.2%","1","1","90","1","1","0","2","1","0","0","0","0","0","1","1","0","0","1","0","0","0","0","0","2","0"
"*03rxs*","Harry Wilson","FUL","M","134","FA","@AVL Sun 2:00PM","18.65","18.65","56%","+9.4%","1","1","85","1","3","0","1","1","0","0","0","0","1","0","1","0","0","0","0","1","0","0","0","1","0"
"*0700p*","Malick Thiaw","NEW","D","248","FA","ARS Sun 4:30PM","16.16","16.16","6%","0%","1","1","83","0","0","0","0","0","0","1","0","0","0","4","6","0","2","2","0","1","0","0","0","0","1"
"*062a9*","Sven Botman","NEW","D","154","FA","ARS Sun 4:30PM","15.8","15.8","15%","+2.2%","1","1","90","0","0","0","0","0","0","0","0","0","0","0","8","1","1","3","0","0","0","0","0","0","1"
"*04qfm*","Ryan Sessegnon","FUL","M","125","FA","@AVL Sun 2:00PM","15.55","15.55","37%","+9.2%","1","1","90","0","0","1","1","2","1","0","0","0","1","0","3","0","1","1","0","0","0","0","0","1","0"
"*06c4o*","Lyle Foster","BUR","F","83","FA","@MCI Sat 3:00PM","15.25","15.25","29%","+5.2%","1","1","85","0","2","1","0","0","1","0","0","0","0","0","1","3","1","2","0","1","0","0","0","1","0"
"*06p4j*","Noussair Mazraoui","MUN","D","214","FA","@BRF Sat 12:30PM","14.51","14.51","42%","+3.3%","1","1","63","0","0","0","0","1","0","0","0","0","2","0","1","2","0","1","0","1","0","0","0","0","1"
"*06v6n*","Quilindschy Hartman","BUR","D","71","W <small>(Tue)</small>","@MCI Sat 3:00PM","14.25","14.25","13%","+4.6%","1","1","90","0","3","0","1","1","1","0","0","0","4","1","1","0","1","0","0","0","0","0","0","1","0"
"*070f4*","Ladislav Krejci","WOL","D","254","FA","@TOT Sat 8:00PM","13.7","13.7","2%","+0.8%","1","1","90","1","1","0","1","0","1","0","0","0","0","1","2","0","0","1","0","0","0","0","0","3","0"
"*06jgr*","Maxime Esteve","BUR","D","73","FA","@MCI Sat 3:00PM","13.7","13.7","13%","+0.4%","1","1","90","0","1","0","0","1","0","0","0","0","0","2","8","0","0","5","0","0","0","0","0","1","0"
"*02lp9*","Kyle Walker","BUR","D","147","FA","@MCI Sat 3:00PM","12.05","12.05","13%","-0.4%","1","1","90","0","0","0","0","2","0","0","0","0","0","1","5","2","1","2","0","0","0","0","0","1","0"
"*070ha*","Florentino Ibrain Morris Luis","BUR","M","274","FA","@MCI Sat 3:00PM","11.1","11.1","3%","+1.3%","1","1","90","0","2","0","0","3","0","1","0","0","0","2","4","1","1","1","0","0","0","0","0","1","0"
"*03zsq*","Kyle Walker-Peters","WHU","D","189","FA","@EVE Mon 8:00PM","11.05","11.05","8%","+0.1%","1","1","90","0","0","0","1","1","0","0","0","0","0","0","1","4","1","2","0","0","0","0","0","2","0"
"*070hd*","Tolu Arokodare","WOL","F","264","FA","@TOT Sat 8:00PM","10.45","10.45","13%","-0.6%","1","1","90","0","1","0","1","1","0","0","0","0","0","0","1","0","0","7","0","0","0","0","0","3","0"
"*06c4h*","Hjalmar Ekdal","BUR","D","72","FA","@MCI Sat 3:00PM","10.3","10.3","5%","-0.1%","1","1","90","0","0","0","1","0","0","0","0","0","0","1","6","0","1","2","0","0","0","0","0","1","0"
"*05o8o*","Jayden Bogle","LEE","D","99","FA","BOU Sat 3:00PM","10.14","10.14","21%","-2%","1","1","82","0","0","1","0","2","5","1","0","0","0","1","4","0","0","1","0","1","0","0","0","1","0"
"*05raa*","Hugo Bueno","WOL","D","121","FA","@TOT Sat 8:00PM","10.1","10.1","15%","+6.8%","1","0","45","0","3","0","0","1","1","0","0","0","5","0","0","1","0","0","1","0","0","0","0","0","0"
"*070bg*","Jackson Tchatchoua","WOL","D","245","FA","@TOT Sat 8:00PM","10.1","10.1","4%","-0.7%","1","1","90","0","2","0","0","3","0","0","0","0","2","0","2","1","0","3","0","0","0","0","0","3","0"
"*05mzz*","Pascal Struijk","LEE","D","112","FA","BOU Sat 3:00PM","10.05","10.05","8%","-0.5%","1","1","90","0","0","0","0","1","1","0","0","0","0","0","11","0","2","2","0","0","0","0","0","1","0"
"*03yqz*","Joe Rodon","LEE","D","61","W <small>(Fri)</small>","BOU Sat 3:00PM","9.8","9.8","19%","-0.4%","1","1","90","0","0","0","0","0","0","0","0","0","0","0","8","0","0","5","0","0","0","0","0","1","0"
"*04ge6*","Joe Willock","NEW","M","298","FA","ARS Sun 4:30PM","9.72","9.72","2%","-1.1%","1","1","61","0","0","0","0","4","1","0","0","0","0","1","0","1","0","0","0","1","0","0","0","0","1"
"*04ug0*","Sean Longstaff","LEE","M","197","FA","BOU Sat 3:00PM","9.39","9.39","3%","+0.2%","1","1","82","0","0","0","1","4","2","0","0","0","0","0","1","0","1","1","0","1","0","0","0","1","0"
"*06v12*","Fer Lopez","WOL","F","281","FA","@TOT Sat 8:00PM","9.2","9.2","7%","-0.9%","1","1","45","0","2","1","0","1","3","1","0","0","1","0","0","1","0","0","0","1","0","0","0","3","0"
"*070hn*","Dilane Bakwa","NOT","F","311","FA","SUN Sat 5:30PM","9.06","9.06","16%","+1.6%","1","1","58","0","1","0","2","0","0","0","0","0","0","0","0","1","1","0","0","1","0","0","0","1","0"
"*04lav*","Ethan Ampadu","LEE","D","186","FA","BOU Sat 3:00PM","9.05","9.05","4%","+0.3%","1","1","90","0","0","0","0","2","0","0","0","0","0","0","5","1","0","2","0","0","0","0","0","1","0"
"*05mxa*","Joel Veltman","BHA","D","228","FA","@CHE Sat 3:00PM","9.05","9.05","2%","+0.7%","1","1","90","0","0","0","0","3","0","0","0","0","1","3","5","0","0","0","0","0","0","0","0","2","0"
"*067x8*","Nico OReilly","MCI","M","234","FA","BUR Sat 3:00PM","8.72","8.72","13%","+0.8%","1","1","86","0","0","0","0","0","0","0","0","0","0","1","6","1","0","1","0","1","0","0","0","0","1"
"*06ab3*","Lewis Miley","NEW","M","292","FA","ARS Sun 4:30PM","8.45","8.45","2%","-0.4%","1","1","90","0","1","0","0","1","0","0","0","0","0","1","1","0","0","1","0","0","0","0","0","0","1"
"*05ylw*","Rodrigo Bentancur","TOT","M","209","FA","WOL Sat 8:00PM","7.75","7.75","9%","+0.3%","1","1","60","0","2","0","0","1","0","0","0","0","0","0","1","1","0","3","0","1","0","0","0","2","0"
"*02oq6*","Luke Shaw","MUN","D","180","FA","@BRF Sat 12:30PM","7.55","7.55","9%","-0.3%","1","1","90","0","0","0","0","2","0","0","0","0","0","2","3","0","0","0","0","0","0","0","0","1","0"
"*05r34*","Amad Diallo","MUN","M","113","W <small>(Fri)</small>","@BRF Sat 12:30PM","7.3","7.3","97%","-0.2%","1","1","90","0","0","0","0","2","0","0","0","0","1","1","2","0","0","0","0","0","0","0","0","1","0"
"*05uhj*","Conor Bradley","LIV","D","300","FA","@CRY Sat 3:00PM","7.05","7.05","51%","-6.3%","1","1","90","0","0","0","0","1","0","0","0","0","0","3","1","0","0","0","0","0","0","0","0","1","0"
"*02oq8*","James Ward-Prowse","WHU","M","126","FA","@EVE Mon 8:00PM","6.85","6.85","62%","+0.1%","1","1","90","0","2","0","0","1","0","0","0","0","0","1","1","0","0","0","0","0","0","0","0","2","0"
"*03dyx*","Josh Laurent","BUR","M","201","FA","@MCI Sat 3:00PM","6.55","6.55","1%","0%","1","1","90","0","0","0","0","0","0","0","0","0","1","1","1","0","1","1","0","0","0","0","0","1","0"
"*0642l*","Casemiro","MUN","M","178","FA","@BRF Sat 12:30PM","6.3","6.3","7%","-0.8%","1","1","45","1","1","0","1","0","1","0","1","0","0","0","0","0","0","0","0","0","0","0","0","0","0"
"*051k0*","John McGinn","AVL","M","127","FA","FUL Sun 2:00PM","6.05","6.05","38%","-2.4%","1","1","90","0","0","0","0","0","1","0","0","0","3","0","1","0","0","1","0","0","0","0","0","1","0"
"*06mn8*","Rodrigo Gomes","WOL","M","166","FA","@TOT Sat 8:00PM","6.05","6.05","7%","-2.7%","1","1","45","0","1","0","0","2","1","0","0","0","1","0","1","0","0","1","0","1","0","0","0","3","0"
"*066r9*","Ehor Yarmolyuk","BRF","M","114","FA","MUN Sat 12:30PM","5.95","5.95","6%","-0.7%","1","1","90","0","1","0","0","0","1","0","0","0","0","0","1","1","1","1","0","0","0","0","0","3","0"
"*06zwj*","Evann Guessand","AVL","F","297","FA","FUL Sun 2:00PM","5.94","5.94","11%","-3.2%","1","1","72","0","0","0","1","0","1","0","0","0","0","0","2","0","1","1","0","1","0","0","0","0","1"
"*06pib*","Manuel Ugarte","MUN","M","260","FA","@BRF Sat 12:30PM","5.9","5.9","5%","-0.1%","1","0","45","0","0","0","0","3","0","0","0","0","0","0","2","0","1","1","1","0","0","0","0","1","0"
"*06mn7*","Lucas Bergvall","TOT","M","85","W <small>(Tue)</small>","WOL Sat 8:00PM","5.76","5.76","59%","+1.7%","1","1","88","0","0","0","0","1","1","0","0","0","0","0","2","2","0","0","0","1","0","0","0","2","0"
"*05gcs*","Sander Berge","FUL","M","160","FA","@AVL Sun 2:00PM","5.7","5.7","2%","+0.1%","1","1","90","0","1","0","0","1","1","0","0","0","0","0","4","0","0","1","0","0","0","0","0","1","0"
"*06y27*","Loum Tchaouna","BUR","F","230","FA","@MCI Sat 3:00PM","5.6","5.6","7%","0%","1","1","80","0","0","0","0","1","0","0","0","0","1","0","2","0","0","1","0","1","0","0","0","1","0"
"*06phe*","Ferdi Kadioglu","BHA","D","309","FA","@CHE Sat 3:00PM","5.33","5.33","7%","-1.3%","1","1","84","0","1","0","0","4","1","0","0","0","0","0","1","0","0","0","0","1","0","0","0","2","0"
"*06pe1*","Mateus Goncalo Espanha Fernandes","WHU","M","231","FA","@EVE Mon 8:00PM","5.29","5.29","26%","-6.1%","1","1","77","0","0","0","0","0","1","0","0","0","0","1","1","1","1","0","0","1","0","0","0","2","0"
"*04f6o*","Will Hughes","CRY","M","169","FA","LIV Sat 3:00PM","5.28","5.28","3%","-0.5%","1","1","64","0","0","0","0","0","0","0","0","0","0","1","2","0","1","1","0","1","0","0","0","1","0"
"*06y59*","Noah Sadiki","SUN","M","152","FA","@NOT Sat 5:30PM","5.16","5.16","3%","-0.1%","1","1","88","0","1","0","0","1","1","1","0","0","0","1","0","1","1","0","0","1","0","0","0","1","0"
"*06v0p*","Enzo Le Fee","SUN","M","167","FA","@NOT Sat 5:30PM","5.1","5.1","33%","-4.4%","1","1","80","0","0","0","0","1","1","0","0","0","0","0","0","1","1","0","0","1","0","0","0","1","0"
"*05opl*","Wesley Fofana","CHE","D","294","FA","BHA Sat 3:00PM","5.01","5.01","8%","-2%","1","1","63","0","0","0","0","1","1","0","0","0","0","1","5","0","1","1","0","1","0","0","0","2","0"
"*06pig*","Morato","NOT","D","337","FA","SUN Sat 5:30PM","4.8","4.8","1%","-0.1%","1","1","90","0","0","0","0","1","0","1","0","0","0","0","4","1","0","1","0","0","0","0","0","1","0"
"*06v0l*","Chris Rigg","SUN","M","352","FA","@NOT Sat 5:30PM","4.62","4.62","1%","0%","1","1","36","0","1","0","0","1","0","0","0","0","0","0","0","1","0","0","0","1","0","0","0","0","0"
"*06ybq*","Chemsdine Talbi","SUN","F","183","FA","@NOT Sat 5:30PM","4.48","4.48","10%","-1.1%","1","1","79","0","1","0","0","0","1","0","0","0","1","0","2","0","0","0","0","1","0","0","0","1","0"
"*06fwi*","Carlos Baleba","BHA","M","222","FA","@CHE Sat 3:00PM","4.4","4.4","34%","-2.6%","1","1","45","0","0","0","0","2","2","0","0","0","0","0","2","0","0","2","0","1","0","0","0","1","0"
"*04tzt*","Jefferson Lerma","CRY","M","277","FA","LIV Sat 3:00PM","4.38","4.38","1%","0%","1","0","24","0","1","0","1","0","0","1","0","0","0","1","2","0","0","3","1","0","0","0","0","0","0"
"*070g7*","Nick Woltemade","NEW","F","221","W <small>(Fri)</small>","ARS Sun 4:30PM","4.16","4.16","82%","0%","1","1","83","0","0","0","0","0","3","0","0","0","0","1","0","1","0","2","0","1","0","0","0","0","1"
"*03yeg*","Tosin Adarabioyo","CHE","D","108","W <small>(Fri)</small>","BHA Sat 3:00PM","4.14","4.14","41%","-3%","1","0","82","0","0","0","0","0","0","1","0","0","0","1","6","0","1","3","1","0","0","0","0","2","0"
"*04o82*","Curtis Jones","LIV","M","225","FA","@CRY Sat 3:00PM","4.06","4.06","6%","-0.2%","1","0","28","0","0","0","0","2","0","0","0","0","0","0","2","1","0","0","1","0","0","0","0","0","0"
"*04hk9*","Mikel Merino","ARS","M","223","FA","@NEW Sun 4:30PM","4.05","4.05","31%","-4.5%","1","1","45","0","1","0","0","0","2","0","0","0","0","1","1","1","0","0","0","1","0","0","0","1","0"
"*06rma*","Marshall Munetsi","WOL","M","176","FA","@TOT Sat 8:00PM","3.9","3.9","16%","-1.3%","1","0","45","0","0","0","1","0","1","0","0","0","0","0","0","1","0","1","1","0","0","0","0","0","0"
"*06kx1*","Justin Devenny","CRY","M","288","FA","LIV Sat 3:00PM","3.9","3.9","1%","0%","1","0","45","0","0","0","0","1","1","0","0","0","0","0","0","2","0","1","1","0","0","0","0","1","0"
"*06fxv*","Jean-Ricner Bellegarde","WOL","M","255","FA","@TOT Sat 8:00PM","3.8","3.8","17%","-1.4%","1","1","45","0","1","0","0","0","2","0","0","0","0","0","0","2","0","0","0","1","0","0","0","3","0"
"*06r5b*","Diego Gomez","BHA","M","271","FA","@CHE Sat 3:00PM","3.8","3.8","12%","+10.2%","1","0","45","0","1","0","0","2","0","1","0","0","1","0","0","0","0","2","1","0","0","0","0","1","0"
"*03r8x*","Callum Wilson","WHU","F","174","FA","@EVE Mon 8:00PM","3.66","3.66","23%","-6%","1","1","58","0","0","0","0","0","2","0","0","0","0","0","0","1","1","1","0","1","0","0","0","1","0"
"*06zce*","Jhon Arias","WOL","M","243","FA","@TOT Sat 8:00PM","3.64","3.64","23%","-1.5%","1","0","17","0","2","0","0","0","1","0","0","0","1","0","0","0","0","2","1","0","0","0","0","0","0"
"*068a0*","Andrey Santos","CHE","M","320","FA","BHA Sat 3:00PM","3.61","3.61","1%","+0.2%","1","0","68","0","0","0","0","1","1","0","0","0","0","0","1","1","0","1","1","0","0","0","0","1","0"
"*05gcc*","Kiernan Dewsbury-Hall","EVE","M","80","W <small>(Fri)</small>","WHU Mon 8:00PM","3.6","3.6","85%","-0.4%","1","1","90","0","2","0","0","0","5","1","0","0","0","1","0","1","0","3","0","0","0","0","0","2","0"
"*068n8*","Noni Madueke","ARS","M","135","W <small>(Fri)</small>","@NEW Sun 4:30PM","3.4","3.4","87%","-10.4%","1","1","45","0","0","0","1","0","1","0","0","0","0","0","0","0","0","0","0","1","0","0","0","1","0"
"*06nyw*","Jorge Cuenca","FUL","D","318","FA","@AVL Sun 2:00PM","3.31","3.31","0%","0%","1","0","3","0","0","0","0","1","0","0","0","0","0","2","1","0","0","0","1","0","0","0","0","0","0"
"*05rl4*","Crysencio Summerville","WHU","M","200","FA","@EVE Mon 8:00PM","3.04","3.04","32%","-6.8%","1","1","77","0","0","0","0","0","3","0","0","0","1","0","0","1","0","0","0","1","0","0","0","2","0"
"*06uyd*","Diego Coppola","BHA","D","368","FA","@CHE Sat 3:00PM","3.03","3.03","1%","0%","1","0","14","0","0","0","0","0","0","0","0","0","0","0","3","0","0","2","1","0","0","0","0","1","0"
"*070gu*","Alex Jimenez","BOU","D","373","FA","@LEE Sat 3:00PM","2.9","2.9","3%","-1.2%","1","1","45","0","0","0","0","2","0","1","0","0","0","0","0","0","0","1","0","1","0","0","0","0","0"
"*061vp*","Brenden Aaronson","LEE","M","208","FA","BOU Sat 3:00PM","2.76","2.76","8%","-1.8%","1","1","88","0","0","0","0","1","3","0","0","0","0","0","2","0","0","0","0","1","0","0","0","1","0"
"*02lk5*","Jordan Henderson","BRF","M","172","FA","MUN Sat 12:30PM","2.71","2.71","4%","-0.5%","1","1","73","0","0","0","0","0","0","0","0","0","0","0","1","0","0","0","0","1","0","0","0","3","0"
"*05t6y*","Hannibal Mejbri","BUR","M","282","FA","@MCI Sat 3:00PM","2.56","2.56","2%","-0.1%","1","0","8","0","1","0","0","0","1","0","0","0","1","0","0","1","0","0","1","0","0","0","0","0","0"
"*05uel*","Kristoffer Ajer","BRF","D","287","FA","MUN Sat 12:30PM","2.55","2.55","0%","0%","1","0","15","0","0","0","0","1","0","0","0","0","0","0","1","0","0","1","1","0","0","0","0","0","0"
"*04ge7*","Donyell Malen","AVL","F","317","FA","FUL Sun 2:00PM","2.22","2.22","18%","-0.9%","1","0","16","0","1","0","0","1","1","0","0","0","0","0","0","0","0","1","1","0","0","0","0","1","0"
"*070ho*","Lutsharel Geertruida","SUN","D","366","FA","@NOT Sat 5:30PM","2.16","2.16","1%","-0.2%","1","0","8","0","0","0","0","0","0","0","0","0","0","1","0","0","1","0","1","0","0","0","0","0","0"
"*051kl*","Emiliano Buendia","AVL","M","241","FA","FUL Sun 2:00PM","2.14","2.14","9%","-7.7%","1","1","57","0","0","0","0","1","3","0","0","0","0","0","2","0","0","0","0","1","0","0","0","0","0"
"*06uzy*","Ao Tanaka","LEE","M","301","FA","BOU Sat 3:00PM","2.12","2.12","4%","-0.1%","1","0","6","0","0","0","0","0","0","0","0","0","0","2","0","0","0","0","1","0","0","0","0","0","0"
"*06rm7*","Nico Gonzalez","MCI","M","196","FA","BUR Sat 3:00PM","2.01","2.01","12%","-1.6%","1","0","13","0","0","0","0","0","0","0","0","0","0","0","1","1","0","1","1","0","0","0","0","1","0"
"*06o2t*","Niclas Fullkrug","WHU","F","257","W <small>(Fri)</small>","@EVE Mon 8:00PM","2","2","30%","-2.4%","1","0","30","0","1","0","0","0","0","0","0","0","0","0","0","0","0","1","1","0","0","0","0","1","0"
"*04ge9*","Eddie Nketiah","CRY","F","376","FA","LIV Sat 3:00PM","1.93","1.93","4%","0%","1","0","14","0","1","0","0","0","1","0","0","0","0","0","1","0","0","2","1","0","0","0","0","0","0"
"*06fhy*","Wilson Odobert","TOT","F","306","FA","WOL Sat 8:00PM","1.92","1.92","7%","-4.5%","1","1","71","0","0","0","0","0","1","0","0","0","0","0","0","0","0","0","0","1","0","0","0","2","0"
"*05yg5*","Toti","WOL","D","278","FA","@TOT Sat 8:00PM","1.92","1.92","3%","-0.6%","1","1","71","0","0","0","0","0","0","0","0","0","0","0","2","2","0","1","0","1","0","0","0","3","0"
"*06p5s*","Brajan Gruda","BHA","M","235","FA","@CHE Sat 3:00PM","1.89","1.89","26%","-5.2%","1","1","62","0","1","0","0","0","3","0","0","0","0","0","1","0","0","0","0","1","0","0","0","1","0"
"*061ve*","Ryan Christie","BOU","M","331","FA","@LEE Sat 3:00PM","1.77","1.77","18%","-0.2%","1","0","26","0","0","0","0","0","1","0","0","0","0","1","1","0","0","1","1","0","0","0","0","0","0"
"*05ts6*","Yerson Mosquera","WOL","D","314","FA","@TOT Sat 8:00PM","1.67","1.67","2%","-0.1%","1","1","71","0","0","0","1","0","0","0","0","0","0","0","1","0","0","1","0","1","0","0","0","3","0"
"*02lv9*","James Milner","BHA","M","237","FA","@CHE Sat 3:00PM","1.67","1.67","1%","0%","1","0","26","0","1","0","0","0","0","0","0","0","0","0","1","0","0","0","1","0","0","0","0","1","0"
"*06clz*","Malo Gusto","CHE","D","238","FA","BHA Sat 3:00PM","1.5","1.5","27%","-1.5%","1","0","25","0","0","0","0","0","0","0","0","0","0","0","0","0","0","1","1","0","0","0","0","0","0"
"*06mx0*","Leny Yoro","MUN","D","133","FA","@BRF Sat 12:30PM","1.38","1.38","38%","-6%","1","0","19","0","0","0","0","0","0","0","0","0","0","0","0","0","0","1","1","0","0","0","0","1","0"
"*06pic*","Andre","WOL","M","258","FA","@TOT Sat 8:00PM","1.34","1.34","2%","-0.4%","1","0","17","0","0","0","0","0","0","0","0","0","0","1","0","0","0","0","1","0","0","0","0","0","0"
"*06v0s*","Eliezer Mayenda","SUN","F","211","FA","@NOT Sat 5:30PM","1.18","1.18","29%","-3%","1","0","9","0","0","0","0","0","1","0","0","0","0","0","0","1","0","1","1","0","0","0","0","0","0"
"*05r4h*","Lamare Bogarde","AVL","D","279","FA","FUL Sun 2:00PM","1.14","1.14","0%","-0.1%","1","0","7","0","0","0","0","0","0","0","0","0","0","0","0","0","0","1","1","0","0","0","0","0","0"
"*06v0j*","Dan Neil","SUN","M","389","FA","@NOT Sat 5:30PM","1.02","1.02","0%","0%","1","0","1","0","0","0","0","0","0","0","0","0","0","1","0","0","0","0","1","0","0","0","0","0","0"
"*05tqz*","Rico Henry","BRF","D","347","FA","MUN Sat 12:30PM","0.96","0.96","1%","0%","1","0","23","0","0","0","0","0","1","0","0","0","0","1","0","0","0","0","1","0","0","0","0","0","0"
"*05y7c*","Archie Gray","TOT","M","327","FA","WOL Sat 8:00PM","0.92","0.92","2%","-0.1%","1","0","1","0","1","0","0","0","0","0","0","0","0","0","0","0","0","0","1","0","0","0","0","0","0"
"*02y6o*","Nathan Ake","MCI","D","349","FA","BUR Sat 3:00PM","0.92","0.92","3%","+0.2%","1","0","21","0","0","0","0","0","0","0","0","0","0","0","2","0","0","0","1","0","0","0","0","1","0"
"*02lnx*","Danny Welbeck","BHA","F","319","FA","@CHE Sat 3:00PM","0.78","0.78","33%","-3%","1","0","14","0","0","0","0","0","1","0","0","0","0","0","0","1","0","0","1","0","0","0","0","1","0"
"*06fxu*","Ibrahim Sangare","NOT","M","216","FA","SUN Sat 5:30PM","0.76","0.76","3%","-0.5%","1","0","13","0","0","0","0","0","1","0","0","0","0","0","0","0","1","0","1","0","0","0","0","0","0"
"*0521z*","James Justin","LEE","D","391","FA","BOU Sat 3:00PM","0.62","0.62","1%","0%","1","0","6","0","0","0","0","0","0","0","0","0","0","0","2","0","0","0","1","0","0","0","0","0","0"
"*065ao*","Ethan Nwaneri","ARS","M","328","FA","@NEW Sun 4:30PM","0.6","0.6","24%","-0.3%","1","0","5","0","0","0","0","0","0","0","0","0","0","0","0","0","0","1","1","0","0","0","0","0","0"
"*05t6x*","William Osula","NEW","F","227","FA","ARS Sun 4:30PM","0.6","0.6","9%","-1.7%","1","0","5","0","0","0","0","0","0","0","0","0","0","0","0","0","0","1","1","0","0","0","0","0","0"
"*03pig*","Jamaal Lascelles","NEW","D","395","FA","ARS Sun 4:30PM","0.6","0.6","0%","0%","1","0","5","0","0","0","0","0","0","0","0","0","0","0","2","0","0","0","1","0","0","0","0","0","0"
"*04qrc*","Raul Jimenez","FUL","F","344","FA","@AVL Sun 2:00PM","0.43","0.43","42%","-3.1%","1","0","9","0","0","0","0","0","0","0","0","0","0","0","1","0","0","0","1","0","0","0","0","0","0"
"*052cd*","Mason Mount","MUN","M","233","FA","@BRF Sat 12:30PM","0.4","0.4","25%","+0.2%","1","0","20","0","0","0","0","0","0","0","0","0","0","0","0","0","0","0","1","0","0","0","0","1","0"
"*04spq*","Jack Harrison","LEE","M","323","FA","BOU Sat 3:00PM","0.38","0.38","4%","-0.1%","1","0","19","0","0","0","0","0","0","0","0","0","0","0","0","0","0","0","1","0","0","0","0","0","0"
"*05tre*","Vitaly Janelt","BRF","M","398","FA","MUN Sat 12:30PM","0.3","0.3","1%","-0.1%","1","0","15","0","0","0","0","0","0","0","0","0","0","0","0","0","0","0","1","0","0","0","0","0","0"
"*0666p*","Kobbie Mainoo","MUN","M","330","FA","@BRF Sat 12:30PM","0.29","0.29","9%","-0.4%","1","0","2","0","0","0","0","0","0","0","0","0","0","0","1","0","0","0","1","0","0","0","0","0","0"
"*070ci*","Amine Adli","BOU","F","284","FA","@LEE Sat 3:00PM","0.28","0.28","10%","-2.6%","1","0","14","0","0","0","0","0","0","0","0","0","0","0","0","0","0","0","1","0","0","0","0","0","0"
"*04lnu*","Lukas Nmecha","LEE","F","244","FA","BOU Sat 3:00PM","0.27","0.27","8%","-0.5%","1","0","1","0","0","0","0","0","0","0","0","0","0","0","1","0","0","0","1","0","0","0","0","0","0"
"*0703h*","Arnaud Kalimuendo","NOT","F","360","FA","SUN Sat 5:30PM","0.26","0.26","4%","-1%","1","0","13","0","0","0","0","0","0","0","0","0","0","0","0","0","0","0","1","0","0","0","0","0","0"
"*070g9*","Soungoutou Magassa","WHU","M","362","FA","@EVE Mon 8:00PM","0.22","0.22","1%","-0.1%","1","0","11","0","0","0","0","0","0","0","0","0","0","0","0","0","0","0","1","0","0","0","0","0","0"
"*06mgp*","Luis Guilherme","WHU","M","396","FA","@EVE Mon 8:00PM","0.22","0.22","1%","0%","1","0","11","0","0","0","0","0","0","0","0","0","0","0","0","0","0","0","1","0","0","0","0","0","0"
"*045yy*","Arthur Masuaku","SUN","D","401","FA","@NOT Sat 5:30PM","0.18","0.18","0%","0%","1","0","9","0","0","0","0","0","1","0","0","0","0","0","2","0","0","0","1","0","0","0","0","0","0"
"*06mpp*","Mats Wieffer","BHA","M","246","FA","@CHE Sat 3:00PM","0.08","0.08","31%","-1.8%","1","0","4","0","0","0","0","0","0","0","0","0","0","0","0","0","0","0","1","0","0","0","0","0","0"
"*0687c*","Carlos Alcaraz","EVE","M","313","FA","WHU Mon 8:00PM","0.06","0.06","33%","-1.9%","1","0","3","0","0","0","0","0","0","0","0","0","0","0","0","0","0","0","1","0","0","0","0","0","0"
"*06195*","Tyler Dibling","EVE","M","407","FA","WHU Mon 8:00PM","0.06","0.06","11%","-1.9%","1","0","3","0","0","0","0","0","0","0","0","0","0","0","0","0","0","0","1","0","0","0","0","0","0"
"*06uzo*","Zian Flemming","BUR","M","377","FA","@MCI Sat 3:00PM","0.06","0.06","1%","0%","1","0","3","0","0","0","0","0","0","0","0","0","0","0","0","0","0","0","1","0","0","0","0","0","0"
"*0328q*","Tom Cairney","FUL","M","695","FA","@AVL Sun 2:00PM","0.06","0.06","0%","0%","1","0","3","0","0","0","0","0","0","0","0","0","0","0","0","0","0","0","1","0","0","0","0","0","0"
"*06mvz*","Savio","MCI","M","363","FA","BUR Sat 3:00PM","0.04","0.04","78%","-0.6%","1","0","2","0","0","0","0","0","0","0","0","0","0","0","0","0","0","0","1","0","0","0","0","1","0"
"*05ojf*","Fabio Carvalho","BRF","M","272","FA","MUN Sat 12:30PM","0.04","0.04","8%","-0.5%","1","0","2","0","0","0","0","0","0","0","0","0","0","0","0","0","0","0","1","0","0","0","0","0","0"
"*06zbm*","Cristhian Mosquera","ARS","D","206","FA","@NEW Sun 4:30PM","0.02","0.02","15%","-5.3%","1","0","1","0","0","0","0","0","0","0","0","0","0","0","0","0","0","0","1","0","0","0","0","0","0"
"*06v01*","Ilia Gruev","LEE","M","256","FA","BOU Sat 3:00PM","0.02","0.02","1%","-0.1%","1","0","1","0","0","0","0","0","0","0","0","0","0","0","0","0","0","0","1","0","0","0","0","0","0"
"*04yo7*","Youri Tielemans","AVL","M","192","FA","FUL Sun 2:00PM","0","0","82%","-1.1%","0","0","0","0","0","0","0","0","0","0","0","0","0","0","0","0","0","0","0","0","0","0","0","0","0"
"*03dx3*","Kieran Trippier","NEW","D","95","FA","ARS Sun 4:30PM","0","0","81%","+1%","0","0","0","0","0","0","0","0","0","0","0","0","0","0","0","0","0","0","0","0","0","0","0","0","0"
"*06v07*","Rayan Cherki","MCI","M","251","FA","BUR Sat 3:00PM","0","0","80%","+0.6%","0","0","0","0","0","0","0","0","0","0","0","0","0","0","0","0","0","0","0","0","0","0","0","0","0"
"*04adp*","Aaron Wan-Bissaka","WHU","D","325","FA","@EVE Mon 8:00PM","0","0","60%","-1.9%","0","0","0","0","0","0","0","0","0","0","0","0","0","0","0","0","0","0","0","0","0","0","0","0","0"
"*05o6h*","Kai Havertz","ARS","F","371","FA","@NEW Sun 4:30PM","0","0","58%","-1%","0","0","0","0","0","0","0","0","0","0","0","0","0","0","0","0","0","0","0","0","0","0","0","0","0"
"*060wh*","Alejandro Garnacho","CHE","M","381","W <small>(Fri)</small>","BHA Sat 3:00PM","0","0","57%","-4.3%","0","0","0","0","0","0","0","0","0","0","0","0","0","0","0","0","0","0","0","0","0","0","0","0","0"
"*04e1e*","Ben White","ARS","D","261","FA","@NEW Sun 4:30PM","0","0","56%","-1.6%","0","0","0","0","0","0","0","0","0","0","0","0","0","0","0","0","0","0","0","0","0","0","0","0","0"
"*05oig*","Liam Delap","CHE","F","324","FA","BHA Sat 3:00PM","0","0","52%","-1.6%","0","0","0","0","0","0","0","0","0","0","0","0","0","0","0","0","0","0","0","0","0","0","0","0","0"
"*0626q*","Simon Adingra","SUN","M","185","FA","@NOT Sat 5:30PM","0","0","48%","-3.2%","0","0","0","0","0","0","0","0","0","0","0","0","0","0","0","0","0","0","0","0","0","0","0","0","0"
"*06y9n*","Jamie Gittens","CHE","F","280","FA","BHA Sat 3:00PM","0","0","46%","-4.3%","0","0","0","0","0","0","0","0","0","0","0","0","0","0","0","0","0","0","0","0","0","0","0","0","0"
"*05ylx*","Dejan Kulusevski","TOT","M","547","FA","WOL Sat 8:00PM","0","0","46%","+0.9%","0","0","0","0","0","0","0","0","0","0","0","0","0","0","0","0","0","0","0","0","0","0","0","0","0"
"*06y9m*","Maxim De Cuyper","BHA","D","253","FA","@CHE Sat 3:00PM","0","0","43%","-2.3%","0","0","0","0","0","0","0","0","0","0","0","0","0","0","0","0","0","0","0","0","0","0","0","0","0"
"*066sd*","Myles Lewis-Skelly","ARS","D","370","FA","@NEW Sun 4:30PM","0","0","41%","-2%","0","0","0","0","0","0","0","0","0","0","0","0","0","0","0","0","0","0","0","0","0","0","0","0","0"
"*04p0d*","Dwight McNeil","EVE","M","378","FA","WHU Mon 8:00PM","0","0","38%","-3.3%","0","0","0","0","0","0","0","0","0","0","0","0","0","0","0","0","0","0","0","0","0","0","0","0","0"
"*04qfz*","Diogo Dalot","MUN","D","199","FA","@BRF Sat 12:30PM","0","0","34%","+0.1%","0","0","0","0","0","0","0","0","0","0","0","0","0","0","0","0","0","0","0","0","0","0","0","0","0"
"*03frx*","Ola Aina","NOT","D","219","FA","SUN Sat 5:30PM","0","0","31%","-2.1%","0","0","0","0","0","0","0","0","0","0","0","0","0","0","0","0","0","0","0","0","0","0","0","0","0"
"*062x7*","Rico Lewis","MCI","D","215","FA","BUR Sat 3:00PM","0","0","30%","-2.2%","0","0","0","0","0","0","0","0","0","0","0","0","0","0","0","0","0","0","0","0","0","0","0","0","0"
"*03yr0*","Daniel James","LEE","M","268","FA","BOU Sat 3:00PM","0","0","30%","-2.3%","0","0","0","0","0","0","0","0","0","0","0","0","0","0","0","0","0","0","0","0","0","0","0","0","0"
"*06rm8*","Mathys Tel","TOT","F","353","FA","WOL Sat 8:00PM","0","0","29%","-2.5%","0","0","0","0","0","0","0","0","0","0","0","0","0","0","0","0","0","0","0","0","0","0","0","0","0"
"*0414o*","James Maddison","TOT","M","560","FA","WOL Sat 8:00PM","0","0","27%","-0.3%","0","0","0","0","0","0","0","0","0","0","0","0","0","0","0","0","0","0","0","0","0","0","0","0","0"
"*04qfq*","Matt ORiley","BHA","M","171","FA","@CHE Sat 3:00PM","0","0","26%","-2.6%","0","0","0","0","0","0","0","0","0","0","0","0","0","0","0","0","0","0","0","0","0","0","0","0","0"
"*064a0*","Wilfried Gnonto","LEE","F","273","FA","BOU Sat 3:00PM","0","0","22%","-1.4%","0","0","0","0","0","0","0","0","0","0","0","0","0","0","0","0","0","0","0","0","0","0","0","0","0"
"*05gcp*","Tomas Soucek","WHU","M","224","FA","@EVE Mon 8:00PM","0","0","19%","-0.8%","0","0","0","0","0","0","0","0","0","0","0","0","0","0","0","0","0","0","0","0","0","0","0","0","0"
"*062p5*","Levi Colwill","CHE","D","476","FA","BHA Sat 3:00PM","0","0","16%","-0.2%","0","0","0","0","0","0","0","0","0","0","0","0","0","0","0","0","0","0","0","0","0","0","0","0","0"
"*043qy*","Lewis Cook","BOU","M","694","FA","@LEE Sat 3:00PM","0","0","14%","-0.4%","0","0","0","0","0","0","0","0","0","0","0","0","0","0","0","0","0","0","0","0","0","0","0","0","0"
"*06phw*","Federico Chiesa","LIV","F","293","FA","@CRY Sat 3:00PM","0","0","13%","+2.8%","0","0","0","0","0","0","0","0","0","0","0","0","0","0","0","0","0","0","0","0","0","0","0","0","0"
"*051k3*","Jacob Ramsey","NEW","M","326","FA","ARS Sun 4:30PM","0","0","12%","-0.9%","0","0","0","0","0","0","0","0","0","0","0","0","0","0","0","0","0","0","0","0","0","0","0","0","0"
"*04ge8*","Reiss Nelson","BRF","F","589","FA","MUN Sat 12:30PM","0","0","12%","-1.6%","0","0","0","0","0","0","0","0","0","0","0","0","0","0","0","0","0","0","0","0","0","0","0","0","0"
"*03u2b*","Adama Traore","FUL","F","367","FA","@AVL Sun 2:00PM","0","0","12%","-0.3%","0","0","0","0","0","0","0","0","0","0","0","0","0","0","0","0","0","0","0","0","0","0","0","0","0"
"*05uhs*","James Mcatee","NOT","M","350","FA","SUN Sat 5:30PM","0","0","11%","-2%","0","0","0","0","0","0","0","0","0","0","0","0","0","0","0","0","0","0","0","0","0","0","0","0","0"
"*05tr8*","Christian Norgaard","ARS","M","592","FA","@NEW Sun 4:30PM","0","0","11%","-0.4%","0","0","0","0","0","0","0","0","0","0","0","0","0","0","0","0","0","0","0","0","0","0","0","0","0"
"*070hq*","Piero Hincapie","ARS","D","523","FA","@NEW Sun 4:30PM","0","0","10%","-2.3%","0","0","0","0","0","0","0","0","0","0","0","0","0","0","0","0","0","0","0","0","0","0","0","0","0"
"*070hc*","Brian Brobbey","SUN","F","387","FA","@NOT Sat 5:30PM","0","0","9%","-3%","0","0","0","0","0","0","0","0","0","0","0","0","0","0","0","0","0","0","0","0","0","0","0","0","0"
"*05w91*","Hwang Hee-Chan","WOL","F","226","FA","@TOT Sat 8:00PM","0","0","8%","-2.1%","0","0","0","0","0","0","0","0","0","0","0","0","0","0","0","0","0","0","0","0","0","0","0","0","0"
"*03jly*","Andreas Pereira","FUL","M","526","FA","@AVL Sun 2:00PM","0","0","8%","0%","0","0","0","0","0","0","0","0","0","0","0","0","0","0","0","0","0","0","0","0","0","0","0","0","0"
"*06r2g*","Rio Ngumoha","LIV","F","291","FA","@CRY Sat 3:00PM","0","0","8%","-0.5%","0","0","0","0","0","0","0","0","0","0","0","0","0","0","0","0","0","0","0","0","0","0","0","0","0"
"*044w8*","Marcus Edwards","BUR","F","406","FA","@MCI Sat 3:00PM","0","0","7%","-0.1%","0","0","0","0","0","0","0","0","0","0","0","0","0","0","0","0","0","0","0","0","0","0","0","0","0"
"*06kwp*","Josh Acheampong","CHE","D","232","FA","BHA Sat 3:00PM","0","0","6%","-0.5%","0","0","0","0","0","0","0","0","0","0","0","0","0","0","0","0","0","0","0","0","0","0","0","0","0"
"*067ys*","Jack Hinshelwood","BHA","M","316","FA","@CHE Sat 3:00PM","0","0","6%","-0.6%","0","0","0","0","0","0","0","0","0","0","0","0","0","0","0","0","0","0","0","0","0","0","0","0","0"
"*070hk*","Samuel Chukwueze","FUL","F","473","FA","@AVL Sun 2:00PM","0","0","6%","-1.7%","0","0","0","0","0","0","0","0","0","0","0","0","0","0","0","0","0","0","0","0","0","0","0","0","0"
"*06mve*","Joshua Zirkzee","MUN","F","340","FA","@BRF Sat 12:30PM","0","0","6%","-0.7%","0","0","0","0","0","0","0","0","0","0","0","0","0","0","0","0","0","0","0","0","0","0","0","0","0"
"*06mnm*","Marc Guiu","CHE","F","390","FA","BHA Sat 3:00PM","0","0","5%","-0.6%","0","0","0","0","0","0","0","0","0","0","0","0","0","0","0","0","0","0","0","0","0","0","0","0","0"
"*070hh*","Christantus Uche","CRY","M","374","FA","LIV Sat 3:00PM","0","0","5%","-2.3%","0","0","0","0","0","0","0","0","0","0","0","0","0","0","0","0","0","0","0","0","0","0","0","0","0"
"*06zqq*","Jorrel Hato","CHE","D","696","FA","BHA Sat 3:00PM","0","0","5%","-0.5%","0","0","0","0","0","0","0","0","0","0","0","0","0","0","0","0","0","0","0","0","0","0","0","0","0"
"*067yu*","Facundo Buonanotte","CHE","M","365","FA","BHA Sat 3:00PM","0","0","5%","-0.2%","0","0","0","0","0","0","0","0","0","0","0","0","0","0","0","0","0","0","0","0","0","0","0","0","0"
"*062pl*","Lisandro Martinez","MUN","D","569","FA","@BRF Sat 12:30PM","0","0","4%","0%","0","0","0","0","0","0","0","0","0","0","0","0","0","0","0","0","0","0","0","0","0","0","0","0","0"
"*06y29*","Habib Diarra","SUN","M","188","FA","@NOT Sat 5:30PM","0","0","4%","-0.5%","0","0","0","0","0","0","0","0","0","0","0","0","0","0","0","0","0","0","0","0","0","0","0","0","0"
"*05ubv*","Omari Hutchinson","NOT","F","400","FA","SUN Sat 5:30PM","0","0","4%","-1.2%","0","0","0","0","0","0","0","0","0","0","0","0","0","0","0","0","0","0","0","0","0","0","0","0","0"
"*06exb*","Rasmus Hojlund","MUN","F","527","FA","@BRF Sat 12:30PM","0","0","4%","-0.1%","0","0","0","0","0","0","0","0","0","0","0","0","0","0","0","0","0","0","0","0","0","0","0","0","0"
"*06xzd*","Charalampos Kostoulas","BHA","F","543","FA","@CHE Sat 3:00PM","0","0","4%","-0.1%","0","0","0","0","0","0","0","0","0","0","0","0","0","0","0","0","0","0","0","0","0","0","0","0","0"
"*06zbp*","Max Dowman","ARS","M","305","FA","@NEW Sun 4:30PM","0","0","4%","-0.5%","0","0","0","0","0","0","0","0","0","0","0","0","0","0","0","0","0","0","0","0","0","0","0","0","0"
"*06crm*","Pau Torres","AVL","D","334","FA","FUL Sun 2:00PM","0","0","4%","-0.4%","0","0","0","0","0","0","0","0","0","0","0","0","0","0","0","0","0","0","0","0","0","0","0","0","0"
"*045c8*","Gabriel Jesus","ARS","F","689","FA","@NEW Sun 4:30PM","0","0","3%","-0.2%","0","0","0","0","0","0","0","0","0","0","0","0","0","0","0","0","0","0","0","0","0","0","0","0","0"
"*06r9h*","Romain Esse","CRY","M","375","FA","LIV Sat 3:00PM","0","0","3%","-0.1%","0","0","0","0","0","0","0","0","0","0","0","0","0","0","0","0","0","0","0","0","0","0","0","0","0"
"*06dwm*","Jacob Bruun Larsen","BUR","F","240","FA","@MCI Sat 3:00PM","0","0","3%","0%","0","0","0","0","0","0","0","0","0","0","0","0","0","0","0","0","0","0","0","0","0","0","0","0","0"
"*0649j*","Manuel Akanji","MCI","D","417","FA","BUR Sat 3:00PM","0","0","3%","-0.4%","0","0","0","0","0","0","0","0","0","0","0","0","0","0","0","0","0","0","0","0","0","0","0","0","0"
"*05gvx*","Armando Broja","BUR","F","392","FA","@MCI Sat 3:00PM","0","0","3%","-0.3%","0","0","0","0","0","0","0","0","0","0","0","0","0","0","0","0","0","0","0","0","0","0","0","0","0"
"*06nvg*","Jota Silva","NOT","F","383","FA","SUN Sat 5:30PM","0","0","3%","0%","0","0","0","0","0","0","0","0","0","0","0","0","0","0","0","0","0","0","0","0","0","0","0","0","0"
"*06zqk*","David Moller Wolfe","WOL","D","283","FA","@TOT Sat 8:00PM","0","0","2%","-0.2%","0","0","0","0","0","0","0","0","0","0","0","0","0","0","0","0","0","0","0","0","0","0","0","0","0"
"*04u41*","Mateo Kovacic","MCI","M","544","FA","BUR Sat 3:00PM","0","0","2%","-0.2%","0","0","0","0","0","0","0","0","0","0","0","0","0","0","0","0","0","0","0","0","0","0","0","0","0"
"*066nn*","Ben Doak","BOU","F","488","FA","@LEE Sat 3:00PM","0","0","2%","-0.3%","0","0","0","0","0","0","0","0","0","0","0","0","0","0","0","0","0","0","0","0","0","0","0","0","0"
"*04e1k*","Solly March","BHA","M","566","FA","@CHE Sat 3:00PM","0","0","2%","0%","0","0","0","0","0","0","0","0","0","0","0","0","0","0","0","0","0","0","0","0","0","0","0","0","0"
"*0435t*","Ilkay Gundogan","MCI","M","512","FA","BUR Sat 3:00PM","0","0","2%","-0.1%","0","0","0","0","0","0","0","0","0","0","0","0","0","0","0","0","0","0","0","0","0","0","0","0","0"
"*070h9*","Veljko Milosavljevic","BOU","D","310","FA","@LEE Sat 3:00PM","0","0","2%","-0.8%","0","0","0","0","0","0","0","0","0","0","0","0","0","0","0","0","0","0","0","0","0","0","0","0","0"
"*06329*","Manor Solomon","TOT","F","651","FA","WOL Sat 8:00PM","0","0","2%","0%","0","0","0","0","0","0","0","0","0","0","0","0","0","0","0","0","0","0","0","0","0","0","0","0","0"
"*04yjx*","Ki-Jana Hoever","WOL","D","322","FA","@TOT Sat 8:00PM","0","0","2%","-0.2%","0","0","0","0","0","0","0","0","0","0","0","0","0","0","0","0","0","0","0","0","0","0","0","0","0"
"*06eo0*","Lesley Ugochukwu","BUR","M","266","FA","@MCI Sat 3:00PM","0","0","1%","0%","0","0","0","0","0","0","0","0","0","0","0","0","0","0","0","0","0","0","0","0","0","0","0","0","0"
"*05unu*","Romeo Lavia","CHE","M","553","FA","BHA Sat 3:00PM","0","0","1%","0%","0","0","0","0","0","0","0","0","0","0","0","0","0","0","0","0","0","0","0","0","0","0","0","0","0"
"*05uns*","Leon Bailey","AVL","M","435","FA","FUL Sun 2:00PM","0","0","1%","0%","0","0","0","0","0","0","0","0","0","0","0","0","0","0","0","0","0","0","0","0","0","0","0","0","0"
"*02lp5*","Adam Smith","BOU","D","262","FA","@LEE Sat 3:00PM","0","0","1%","-0.2%","0","0","0","0","0","0","0","0","0","0","0","0","0","0","0","0","0","0","0","0","0","0","0","0","0"
"*06xzc*","Stefanos Tzimas","BHA","F","693","FA","@CHE Sat 3:00PM","0","0","1%","-0.1%","0","0","0","0","0","0","0","0","0","0","0","0","0","0","0","0","0","0","0","0","0","0","0","0","0"
"*06yey*","Borna Sosa","CRY","D","652","FA","LIV Sat 3:00PM","0","0","1%","-0.1%","0","0","0","0","0","0","0","0","0","0","0","0","0","0","0","0","0","0","0","0","0","0","0","0","0"
"*06onx*","Jean-Clair Todibo","WHU","D","364","FA","@EVE Mon 8:00PM","0","0","1%","0%","0","0","0","0","0","0","0","0","0","0","0","0","0","0","0","0","0","0","0","0","0","0","0","0","0"
"*06xza*","Eli Kroupi","BOU","F","399","FA","@LEE Sat 3:00PM","0","0","1%","-0.1%","0","0","0","0","0","0","0","0","0","0","0","0","0","0","0","0","0","0","0","0","0","0","0","0","0"
"*0701y*","Giovanni Leoni","LIV","D","555","FA","@CRY Sat 3:00PM","0","0","1%","-0.2%","0","0","0","0","0","0","0","0","0","0","0","0","0","0","0","0","0","0","0","0","0","0","0","0","0"
"*06fso*","Wataru Endo","LIV","M","332","FA","@CRY Sat 3:00PM","0","0","1%","-0.1%","0","0","0","0","0","0","0","0","0","0","0","0","0","0","0","0","0","0","0","0","0","0","0","0","0"
"*05o4c*","Timothy Castagne","FUL","D","303","FA","@AVL Sun 2:00PM","0","0","1%","0%","0","0","0","0","0","0","0","0","0","0","0","0","0","0","0","0","0","0","0","0","0","0","0","0","0"
"*04rzl*","Taiwo Awoniyi","NOT","F","431","FA","SUN Sat 5:30PM","0","0","1%","0%","0","0","0","0","0","0","0","0","0","0","0","0","0","0","0","0","0","0","0","0","0","0","0","0","0"
"*05tr9*","Mathias Jensen","BRF","M","252","FA","MUN Sat 12:30PM","0","0","1%","-0.2%","0","0","0","0","0","0","0","0","0","0","0","0","0","0","0","0","0","0","0","0","0","0","0","0","0"
"*06y4g*","Antoni Milambo","BRF","M","359","FA","MUN Sat 12:30PM","0","0","1%","0%","0","0","0","0","0","0","0","0","0","0","0","0","0","0","0","0","0","0","0","0","0","0","0","0","0"
"*06v0m*","Luke ONien","SUN","M","596","FA","@NOT Sat 5:30PM","0","0","1%","-0.1%","0","0","0","0","0","0","0","0","0","0","0","0","0","0","0","0","0","0","0","0","0","0","0","0","0"
"*06roj*","Chido Obi-Martin","MUN","F","597","FA","@BRF Sat 12:30PM","0","0","1%","0%","0","0","0","0","0","0","0","0","0","0","0","0","0","0","0","0","0","0","0","0","0","0","0","0","0"
"*05t6z*","Tim Iroegbunam","EVE","M","210","FA","WHU Mon 8:00PM","0","0","1%","-0.1%","0","0","0","0","0","0","0","0","0","0","0","0","0","0","0","0","0","0","0","0","0","0","0","0","0"
"*02m11*","Matt Doherty","WOL","D","321","FA","@TOT Sat 8:00PM","0","0","1%","-0.1%","0","0","0","0","0","0","0","0","0","0","0","0","0","0","0","0","0","0","0","0","0","0","0","0","0"
"*03r93*","Joseph Gomez","LIV","D","345","FA","@CRY Sat 3:00PM","0","0","1%","0%","0","0","0","0","0","0","0","0","0","0","0","0","0","0","0","0","0","0","0","0","0","0","0","0","0"
"*057cr*","Kevin Danso","TOT","D","380","FA","WOL Sat 8:00PM","0","0","1%","0%","0","0","0","0","0","0","0","0","0","0","0","0","0","0","0","0","0","0","0","0","0","0","0","0","0"
"*06cm0*","Christopher Nkunku","CHE","F","590","FA","BHA Sat 3:00PM","0","0","1%","-0.1%","0","0","0","0","0","0","0","0","0","0","0","0","0","0","0","0","0","0","0","0","0","0","0","0","0"
"*05n3v*","Konstantinos Tsimikas","LIV","D","665","FA","@CRY Sat 3:00PM","0","0","1%","0%","0","0","0","0","0","0","0","0","0","0","0","0","0","0","0","0","0","0","0","0","0","0","0","0","0"
"*06fy7*","Nicolas Dominguez","NOT","M","490","FA","SUN Sat 5:30PM","0","0","1%","0%","0","0","0","0","0","0","0","0","0","0","0","0","0","0","0","0","0","0","0","0","0","0","0","0","0"
"*061xs*","Julio Enciso","BHA","M","496","FA","@CHE Sat 3:00PM","0","0","1%","0%","0","0","0","0","0","0","0","0","0","0","0","0","0","0","0","0","0","0","0","0","0","0","0","0","0"
"*06hze*","Treymaurice Nyoni","LIV","M","594","FA","@CRY Sat 3:00PM","0","0","1%","0%","0","0","0","0","0","0","0","0","0","0","0","0","0","0","0","0","0","0","0","0","0","0","0","0","0"
"*062h9*","Luis Sinisterra","BOU","F","647","FA","@LEE Sat 3:00PM","0","0","1%","0%","0","0","0","0","0","0","0","0","0","0","0","0","0","0","0","0","0","0","0","0","0","0","0","0","0"
"*06ys4*","Sverre Nypan","MCI","M","595","FA","BUR Sat 3:00PM","0","0","1%","0%","0","0","0","0","0","0","0","0","0","0","0","0","0","0","0","0","0","0","0","0","0","0","0","0","0"
"*070hi*","Merlin Rohl","EVE","M","361","FA","WHU Mon 8:00PM","0","0","1%","0%","0","0","0","0","0","0","0","0","0","0","0","0","0","0","0","0","0","0","0","0","0","0","0","0","0"
"*061y6*","Ryan Yates","NOT","M","341","FA","SUN Sat 5:30PM","0","0","1%","0%","0","0","0","0","0","0","0","0","0","0","0","0","0","0","0","0","0","0","0","0","0","0","0","0","0"
"*06y26*","Olivier Boscagli","BHA","D","456","FA","@CHE Sat 3:00PM","0","0","1%","0%","0","0","0","0","0","0","0","0","0","0","0","0","0","0","0","0","0","0","0","0","0","0","0","0","0"
"*06kqy*","Ayden Heaven","MUN","D","386","FA","@BRF Sat 12:30PM","0","0","1%","0%","0","0","0","0","0","0","0","0","0","0","0","0","0","0","0","0","0","0","0","0","0","0","0","0","0"
"*03sbh*","Enes Unal","BOU","F","671","FA","@LEE Sat 3:00PM","0","0","1%","-0.1%","0","0","0","0","0","0","0","0","0","0","0","0","0","0","0","0","0","0","0","0","0","0","0","0","0"
"*06zef*","Adam Aznou","EVE","D","432","FA","WHU Mon 8:00PM","0","0","1%","0%","0","0","0","0","0","0","0","0","0","0","0","0","0","0","0","0","0","0","0","0","0","0","0","0","0"
"*062p0*","Stefan Bajcetic","LIV","M","437","FA","@CRY Sat 3:00PM","0","0","1%","0%","0","0","0","0","0","0","0","0","0","0","0","0","0","0","0","0","0","0","0","0","0","0","0","0","0"
"*02lpf*","Ross Barkley","AVL","M","441","FA","FUL Sun 2:00PM","0","0","1%","0%","0","0","0","0","0","0","0","0","0","0","0","0","0","0","0","0","0","0","0","0","0","0","0","0","0"
"*06v51*","Jaka Bijol","LEE","D","450","FA","BOU Sat 3:00PM","0","0","1%","0%","0","0","0","0","0","0","0","0","0","0","0","0","0","0","0","0","0","0","0","0","0","0","0","0","0"
"*05g4d*","Dennis Cirkin","SUN","D","474","FA","@NOT Sat 5:30PM","0","0","1%","0%","0","0","0","0","0","0","0","0","0","0","0","0","0","0","0","0","0","0","0","0","0","0","0","0","0"
"*06kyw*","Claudio Echeverri","MCI","M","495","FA","BUR Sat 3:00PM","0","0","1%","0%","0","0","0","0","0","0","0","0","0","0","0","0","0","0","0","0","0","0","0","0","0","0","0","0","0"
"*068yr*","Hamed Traore","BOU","M","329","FA","@LEE Sat 3:00PM","0","0","1%","0%","0","0","0","0","0","0","0","0","0","0","0","0","0","0","0","0","0","0","0","0","0","0","0","0","0"
"*04sft*","Yves Bissouma","TOT","M","452","FA","WOL Sat 8:00PM","0","0","1%","0%","0","0","0","0","0","0","0","0","0","0","0","0","0","0","0","0","0","0","0","0","0","0","0","0","0"
"*062ot*","Cheick Doucoure","CRY","M","492","FA","LIV Sat 3:00PM","0","0","1%","0%","0","0","0","0","0","0","0","0","0","0","0","0","0","0","0","0","0","0","0","0","0","0","0","0","0"
"*06fwx*","Santiago Bueno","WOL","D","289","FA","@TOT Sat 8:00PM","0","0","1%","-0.1%","0","0","0","0","0","0","0","0","0","0","0","0","0","0","0","0","0","0","0","0","0","0","0","0","0"
"*06v0y*","Luka Vuskovic","TOT","D","674","FA","WOL Sat 8:00PM","0","0","1%","0%","0","0","0","0","0","0","0","0","0","0","0","0","0","0","0","0","0","0","0","0","0","0","0","0","0"
"*0620k*","Nayef Aguerd","WHU","D","355","FA","@EVE Mon 8:00PM","0","0","1%","0%","0","0","0","0","0","0","0","0","0","0","0","0","0","0","0","0","0","0","0","0","0","0","0","0","0"
"*06804*","Benoit Badiashile","CHE","D","434","FA","BHA Sat 3:00PM","0","0","1%","-0.1%","0","0","0","0","0","0","0","0","0","0","0","0","0","0","0","0","0","0","0","0","0","0","0","0","0"
"*06mrz*","Pedro Lima","WOL","D","469","FA","@TOT Sat 8:00PM","0","0","1%","0%","0","0","0","0","0","0","0","0","0","0","0","0","0","0","0","0","0","0","0","0","0","0","0","0","0"
"*06635*","Oliver Scarles","WHU","D","639","FA","@EVE Mon 8:00PM","0","0","1%","0%","0","0","0","0","0","0","0","0","0","0","0","0","0","0","0","0","0","0","0","0","0","0","0","0","0"
"*06eka*","Igor Julio","WHU","D","691","FA","@EVE Mon 8:00PM","0","0","1%","0%","0","0","0","0","0","0","0","0","0","0","0","0","0","0","0","0","0","0","0","0","0","0","0","0","0"
"*06f81*","Edson Alvarez","WHU","M","421","FA","@EVE Mon 8:00PM","0","0","1%","0%","0","0","0","0","0","0","0","0","0","0","0","0","0","0","0","0","0","0","0","0","0","0","0","0","0"
"*062og*","Aaron Hickey","BRF","D","394","FA","MUN Sat 12:30PM","0","0","1%","0%","0","0","0","0","0","0","0","0","0","0","0","0","0","0","0","0","0","0","0","0","0","0","0","0","0"
"*070g8*","Nicolo Savona","NOT","D","357","FA","SUN Sat 5:30PM","0","0","1%","-0.3%","0","0","0","0","0","0","0","0","0","0","0","0","0","0","0","0","0","0","0","0","0","0","0","0","0"
"*03xrs*","Axel Tuanzebe","BUR","D","666","FA","@MCI Sat 3:00PM","0","0","1%","0%","0","0","0","0","0","0","0","0","0","0","0","0","0","0","0","0","0","0","0","0","0","0","0","0","0"
"*06uns*","Tom Watson","BHA","F","676","FA","@CHE Sat 3:00PM","0","0","1%","0%","0","0","0","0","0","0","0","0","0","0","0","0","0","0","0","0","0","0","0","0","0","0","0","0","0"
"*06l2r*","Harry Amass","MUN","D","422","FA","@BRF Sat 12:30PM","0","0","0%","0%","0","0","0","0","0","0","0","0","0","0","0","0","0","0","0","0","0","0","0","0","0","0","0","0","0"
"*06v03*","Harry Gray","LEE","F","509","FA","BOU Sat 3:00PM","0","0","0%","0%","0","0","0","0","0","0","0","0","0","0","0","0","0","0","0","0","0","0","0","0","0","0","0","0","0"
"*068sd*","Jakub Kiwior","ARS","D","539","FA","@NEW Sun 4:30PM","0","0","0%","-0.1%","0","0","0","0","0","0","0","0","0","0","0","0","0","0","0","0","0","0","0","0","0","0","0","0","0"
"*06ygm*","Jair Paula da Cunha Filho","NOT","D","608","FA","SUN Sat 5:30PM","0","0","0%","0%","0","0","0","0","0","0","0","0","0","0","0","0","0","0","0","0","0","0","0","0","0","0","0","0","0"
"*06oav*","Guido Rodriguez","WHU","M","369","FA","@EVE Mon 8:00PM","0","0","0%","0%","0","0","0","0","0","0","0","0","0","0","0","0","0","0","0","0","0","0","0","0","0","0","0","0","0"
"*02oo1*","Ben Davies","TOT","D","482","FA","WOL Sat 8:00PM","0","0","0%","0%","0","0","0","0","0","0","0","0","0","0","0","0","0","0","0","0","0","0","0","0","0","0","0","0","0"
"*06yb8*","Diego Leon","MUN","D","557","FA","@BRF Sat 12:30PM","0","0","0%","0%","0","0","0","0","0","0","0","0","0","0","0","0","0","0","0","0","0","0","0","0","0","0","0","0","0"
"*04fk8*","Victor Lindelof","AVL","D","404","FA","FUL Sun 2:00PM","0","0","0%","-0.1%","0","0","0","0","0","0","0","0","0","0","0","0","0","0","0","0","0","0","0","0","0","0","0","0","0"
"*068a1*","Mykhailo Mudryk","CHE","M","585","FA","BHA Sat 3:00PM","0","0","0%","0%","0","0","0","0","0","0","0","0","0","0","0","0","0","0","0","0","0","0","0","0","0","0","0","0","0"
"*04azm*","Connor Roberts","BUR","D","630","FA","@MCI Sat 3:00PM","0","0","0%","0%","0","0","0","0","0","0","0","0","0","0","0","0","0","0","0","0","0","0","0","0","0","0","0","0","0"
"*035n1*","Bertrand Traore","SUN","M","661","FA","@NOT Sat 5:30PM","0","0","0%","-0.1%","0","0","0","0","0","0","0","0","0","0","0","0","0","0","0","0","0","0","0","0","0","0","0","0","0"
"*056ir*","Adam Webster","BHA","D","677","FA","@CHE Sat 3:00PM","0","0","0%","0%","0","0","0","0","0","0","0","0","0","0","0","0","0","0","0","0","0","0","0","0","0","0","0","0","0"
"*06dn2*","Zeki Amdouni","BUR","F","423","FA","@MCI Sat 3:00PM","0","0","0%","0%","0","0","0","0","0","0","0","0","0","0","0","0","0","0","0","0","0","0","0","0","0","0","0","0","0"
"*06onv*","Harrison Armstrong","EVE","M","408","FA","WHU Mon 8:00PM","0","0","0%","0%","0","0","0","0","0","0","0","0","0","0","0","0","0","0","0","0","0","0","0","0","0","0","0","0","0"
"*06uzv*","Dario Essugo","CHE","M","470","FA","BHA Sat 3:00PM","0","0","0%","0%","0","0","0","0","0","0","0","0","0","0","0","0","0","0","0","0","0","0","0","0","0","0","0","0","0"
"*06dmn*","George Earthy","WHU","M","494","FA","@EVE Mon 8:00PM","0","0","0%","0%","0","0","0","0","0","0","0","0","0","0","0","0","0","0","0","0","0","0","0","0","0","0","0","0","0"
"*06exa*","Matheus Franca","CRY","F","501","FA","LIV Sat 3:00PM","0","0","0%","0%","0","0","0","0","0","0","0","0","0","0","0","0","0","0","0","0","0","0","0","0","0","0","0","0","0"
"*06zxx*","Divine Mukasa","MCI","M","586","FA","BUR Sat 3:00PM","0","0","0%","0%","0","0","0","0","0","0","0","0","0","0","0","0","0","0","0","0","0","0","0","0","0","0","0","0","0"
"*04mqv*","Emerson","WHU","D","603","FA","@EVE Mon 8:00PM","0","0","0%","0%","0","0","0","0","0","0","0","0","0","0","0","0","0","0","0","0","0","0","0","0","0","0","0","0","0"
"*06uzn*","Lucas Pires","BUR","D","615","FA","@MCI Sat 3:00PM","0","0","0%","0%","0","0","0","0","0","0","0","0","0","0","0","0","0","0","0","0","0","0","0","0","0","0","0","0","0"
"*06v0f*","Jenson Seelt","SUN","D","315","FA","@NOT Sat 5:30PM","0","0","0%","-0.1%","0","0","0","0","0","0","0","0","0","0","0","0","0","0","0","0","0","0","0","0","0","0","0","0","0"
"*06r7f*","Julio Soler","BOU","D","410","FA","@LEE Sat 3:00PM","0","0","0%","0%","0","0","0","0","0","0","0","0","0","0","0","0","0","0","0","0","0","0","0","0","0","0","0","0","0"
"*06p4l*","Julian Araujo","BOU","D","426","FA","@LEE Sat 3:00PM","0","0","0%","0%","0","0","0","0","0","0","0","0","0","0","0","0","0","0","0","0","0","0","0","0","0","0","0","0","0"
"*03ek4*","Patrick Bamford","LEE","F","439","FA","BOU Sat 3:00PM","0","0","0%","0%","0","0","0","0","0","0","0","0","0","0","0","0","0","0","0","0","0","0","0","0","0","0","0","0","0"
"*02lpl*","Seamus Coleman","EVE","D","409","FA","WHU Mon 8:00PM","0","0","0%","0%","0","0","0","0","0","0","0","0","0","0","0","0","0","0","0","0","0","0","0","0","0","0","0","0","0"
"*06ime*","Radu Dragusin","TOT","D","493","FA","WOL Sat 8:00PM","0","0","0%","0%","0","0","0","0","0","0","0","0","0","0","0","0","0","0","0","0","0","0","0","0","0","0","0","0","0"
"*06r9v*","Andres Garcia","AVL","D","503","FA","FUL Sun 2:00PM","0","0","0%","0%","0","0","0","0","0","0","0","0","0","0","0","0","0","0","0","0","0","0","0","0","0","0","0","0","0"
"*06do1*","Zach Marsh","CRY","F","567","FA","LIV Sat 3:00PM","0","0","0%","0%","0","0","0","0","0","0","0","0","0","0","0","0","0","0","0","0","0","0","0","0","0","0","0","0","0"
"*0687b*","Alex Moreno","AVL","D","582","FA","FUL Sun 2:00PM","0","0","0%","0%","0","0","0","0","0","0","0","0","0","0","0","0","0","0","0","0","0","0","0","0","0","0","0","0","0"
"*05yct*","Nathan Patterson","EVE","D","606","FA","WHU Mon 8:00PM","0","0","0%","-0.1%","0","0","0","0","0","0","0","0","0","0","0","0","0","0","0","0","0","0","0","0","0","0","0","0","0"
"*0649i*","Antony","MUN","M","692","FA","@BRF Sat 12:30PM","0","0","0%","0%","0","0","0","0","0","0","0","0","0","0","0","0","0","0","0","0","0","0","0","0","0","0","0","0","0"
"*06442*","Zach Abbott","NOT","D","411","FA","SUN Sat 5:30PM","0","0","0%","0%","0","0","0","0","0","0","0","0","0","0","0","0","0","0","0","0","0","0","0","0","0","0","0","0","0"
"*06dqv*","Luca Koleosho","BUR","M","540","FA","@MCI Sat 3:00PM","0","0","0%","0%","0","0","0","0","0","0","0","0","0","0","0","0","0","0","0","0","0","0","0","0","0","0","0","0","0"
"*037mt*","Harrison Reed","FUL","M","626","FA","@AVL Sun 2:00PM","0","0","0%","0%","0","0","0","0","0","0","0","0","0","0","0","0","0","0","0","0","0","0","0","0","0","0","0","0","0"
"*03brm*","Patrick Roberts","SUN","M","382","FA","@NOT Sat 5:30PM","0","0","0%","0%","0","0","0","0","0","0","0","0","0","0","0","0","0","0","0","0","0","0","0","0","0","0","0","0","0"
"*06uzl*","Oliver Sonne","BUR","D","342","FA","@MCI Sat 3:00PM","0","0","0%","0%","0","0","0","0","0","0","0","0","0","0","0","0","0","0","0","0","0","0","0","0","0","0","0","0","0"
"*06zrt*","Will Wright","LIV","F","687","FA","@CRY Sat 3:00PM","0","0","0%","-0.1%","0","0","0","0","0","0","0","0","0","0","0","0","0","0","0","0","0","0","0","0","0","0","0","0","0"
"*02t1k*","Nathaniel Clyne","CRY","D","385","FA","LIV Sat 3:00PM","0","0","0%","0%","0","0","0","0","0","0","0","0","0","0","0","0","0","0","0","0","0","0","0","0","0","0","0","0","0"
"*04qos*","Issa Diop","FUL","D","487","FA","@AVL Sun 2:00PM","0","0","0%","0%","0","0","0","0","0","0","0","0","0","0","0","0","0","0","0","0","0","0","0","0","0","0","0","0","0"
"*05w9q*","Odsonne Edouard","CRY","F","388","FA","LIV Sat 3:00PM","0","0","0%","0%","0","0","0","0","0","0","0","0","0","0","0","0","0","0","0","0","0","0","0","0","0","0","0","0","0"
"*06fwo*","Enso Gonzalez","WOL","F","507","FA","@TOT Sat 8:00PM","0","0","0%","0%","0","0","0","0","0","0","0","0","0","0","0","0","0","0","0","0","0","0","0","0","0","0","0","0","0"
"*05746*","Emil Krafth","NEW","D","546","FA","ARS Sun 4:30PM","0","0","0%","0%","0","0","0","0","0","0","0","0","0","0","0","0","0","0","0","0","0","0","0","0","0","0","0","0","0"
"*05ue7*","Frank Onyeka","BRF","M","275","FA","MUN Sat 12:30PM","0","0","0%","0%","0","0","0","0","0","0","0","0","0","0","0","0","0","0","0","0","0","0","0","0","0","0","0","0","0"
"*05n03*","Kalvin Phillips","MCI","M","612","FA","BUR Sat 3:00PM","0","0","0%","0%","0","0","0","0","0","0","0","0","0","0","0","0","0","0","0","0","0","0","0","0","0","0","0","0","0"
"*05y5b*","Freddie Potts","WHU","M","393","FA","@EVE Mon 8:00PM","0","0","0%","0%","0","0","0","0","0","0","0","0","0","0","0","0","0","0","0","0","0","0","0","0","0","0","0","0","0"
"*061z3*","Fabio Vieira","ARS","M","673","FA","@NEW Sun 4:30PM","0","0","0%","-0.1%","0","0","0","0","0","0","0","0","0","0","0","0","0","0","0","0","0","0","0","0","0","0","0","0","0"
"*070hr*","Jonah Kusi-Asare","FUL","F","548","FA","@AVL Sun 2:00PM","0","0","0%","0%","0","0","0","0","0","0","0","0","0","0","0","0","0","0","0","0","0","0","0","0","0","0","0","0","0"
"*04qr0*","Willy Boly","NOT","D","453","FA","SUN Sat 5:30PM","0","0","0%","0%","0","0","0","0","0","0","0","0","0","0","0","0","0","0","0","0","0","0","0","0","0","0","0","0","0"
"*064op*","Tyler Fredricson","MUN","D","502","FA","@BRF Sat 12:30PM","0","0","0%","0%","0","0","0","0","0","0","0","0","0","0","0","0","0","0","0","0","0","0","0","0","0","0","0","0","0"
"*05udw*","Romaine Mundle","SUN","F","587","FA","@NOT Sat 5:30PM","0","0","0%","-0.1%","0","0","0","0","0","0","0","0","0","0","0","0","0","0","0","0","0","0","0","0","0","0","0","0","0"
"*06mnn*","Chadi Riad","CRY","D","628","FA","LIV Sat 3:00PM","0","0","0%","0%","0","0","0","0","0","0","0","0","0","0","0","0","0","0","0","0","0","0","0","0","0","0","0","0","0"
"*05ue3*","Albert Sambi Lokonga","ARS","M","636","FA","@NEW Sun 4:30PM","0","0","0%","-0.2%","0","0","0","0","0","0","0","0","0","0","0","0","0","0","0","0","0","0","0","0","0","0","0","0","0"
"*05nip*","Dane Scarlett","TOT","F","640","FA","WOL Sat 8:00PM","0","0","0%","0%","0","0","0","0","0","0","0","0","0","0","0","0","0","0","0","0","0","0","0","0","0","0","0","0","0"
"*05wwd*","Joshua Wilson-Esbrand","MCI","D","683","FA","BUR Sat 3:00PM","0","0","0%","-0.2%","0","0","0","0","0","0","0","0","0","0","0","0","0","0","0","0","0","0","0","0","0","0","0","0","0"
"*061xw*","Joe Worrall","BUR","D","338","FA","@MCI Sat 3:00PM","0","0","0%","0%","0","0","0","0","0","0","0","0","0","0","0","0","0","0","0","0","0","0","0","0","0","0","0","0","0"
"*06nvc*","Asher Agbinone","CRY","M","414","FA","LIV Sat 3:00PM","0","0","0%","0%","0","0","0","0","0","0","0","0","0","0","0","0","0","0","0","0","0","0","0","0","0","0","0","0","0"
"*06y28*","Sebastiaan Bornauw","LEE","D","455","FA","BOU Sat 3:00PM","0","0","0%","0%","0","0","0","0","0","0","0","0","0","0","0","0","0","0","0","0","0","0","0","0","0","0","0","0","0"
"*05uh9*","Bryan Gil","TOT","F","504","FA","WOL Sat 8:00PM","0","0","0%","0%","0","0","0","0","0","0","0","0","0","0","0","0","0","0","0","0","0","0","0","0","0","0","0","0","0"
"*06s7s*","Harry Howell","BHA","F","528","FA","@CHE Sat 3:00PM","0","0","0%","0%","0","0","0","0","0","0","0","0","0","0","0","0","0","0","0","0","0","0","0","0","0","0","0","0","0"
"*06492*","Sasa Kalajdzic","WOL","F","379","FA","@TOT Sat 8:00PM","0","0","0%","0%","0","0","0","0","0","0","0","0","0","0","0","0","0","0","0","0","0","0","0","0","0","0","0","0","0"
"*06phr*","Gustavo Nunes","BRF","F","593","FA","MUN Sat 12:30PM","0","0","0%","0%","0","0","0","0","0","0","0","0","0","0","0","0","0","0","0","0","0","0","0","0","0","0","0","0","0"
"*05vyc*","Aaron Ramsey","BUR","M","625","FA","@MCI Sat 3:00PM","0","0","0%","0%","0","0","0","0","0","0","0","0","0","0","0","0","0","0","0","0","0","0","0","0","0","0","0","0","0"
"*05tr5*","Mads Roerslev","BRF","D","632","FA","MUN Sat 12:30PM","0","0","0%","0%","0","0","0","0","0","0","0","0","0","0","0","0","0","0","0","0","0","0","0","0","0","0","0","0","0"
"*0372y*","Matt Targett","NEW","D","657","FA","ARS Sun 4:30PM","0","0","0%","0%","0","0","0","0","0","0","0","0","0","0","0","0","0","0","0","0","0","0","0","0","0","0","0","0","0"
"*06clx*","Jordan Beyer","BUR","D","449","FA","@MCI Sat 3:00PM","0","0","0%","0%","0","0","0","0","0","0","0","0","0","0","0","0","0","0","0","0","0","0","0","0","0","0","0","0","0"
"*070hb*","Jaydee Canvot","CRY","D","467","FA","LIV Sat 3:00PM","0","0","0%","0%","0","0","0","0","0","0","0","0","0","0","0","0","0","0","0","0","0","0","0","0","0","0","0","0","0"
"*06ib6*","Tawanda Chirewa","WOL","M","472","FA","@TOT Sat 8:00PM","0","0","0%","0%","0","0","0","0","0","0","0","0","0","0","0","0","0","0","0","0","0","0","0","0","0","0","0","0","0"
"*05w90*","Maxwel Cornet","WHU","F","477","FA","@EVE Mon 8:00PM","0","0","0%","0%","0","0","0","0","0","0","0","0","0","0","0","0","0","0","0","0","0","0","0","0","0","0","0","0","0"
"*06klv*","Jayden Danns","LIV","F","480","FA","@CRY Sat 3:00PM","0","0","0%","0%","0","0","0","0","0","0","0","0","0","0","0","0","0","0","0","0","0","0","0","0","0","0","0","0","0"
"*05x12*","Leo Fuhr Hjelde","SUN","D","524","FA","@NOT Sat 5:30PM","0","0","0%","0%","0","0","0","0","0","0","0","0","0","0","0","0","0","0","0","0","0","0","0","0","0","0","0","0","0"
"*06kyx*","Andy Irving","WHU","M","354","FA","@EVE Mon 8:00PM","0","0","0%","0%","0","0","0","0","0","0","0","0","0","0","0","0","0","0","0","0","0","0","0","0","0","0","0","0","0"
"*05a6d*","Tariq Lamptey","BHA","D","552","FA","@CHE Sat 3:00PM","0","0","0%","-0.1%","0","0","0","0","0","0","0","0","0","0","0","0","0","0","0","0","0","0","0","0","0","0","0","0","0"
"*066iz*","Lewis Orford","WHU","M","601","FA","@EVE Mon 8:00PM","0","0","0%","0%","0","0","0","0","0","0","0","0","0","0","0","0","0","0","0","0","0","0","0","0","0","0","0","0","0"
"*06zc0*","Seung-Soo Park","NEW","F","604","FA","ARS Sun 4:30PM","0","0","0%","0%","0","0","0","0","0","0","0","0","0","0","0","0","0","0","0","0","0","0","0","0","0","0","0","0","0"
"*05rjn*","Jesurun Rak-Sakyi","CRY","M","620","FA","LIV Sat 3:00PM","0","0","0%","0%","0","0","0","0","0","0","0","0","0","0","0","0","0","0","0","0","0","0","0","0","0","0","0","0","0"
"*05x9k*","Jeremy Sarmiento","BHA","M","638","FA","@CHE Sat 3:00PM","0","0","0%","0%","0","0","0","0","0","0","0","0","0","0","0","0","0","0","0","0","0","0","0","0","0","0","0","0","0"
"*068ys*","Naouirou Ahamada","CRY","M","416","FA","LIV Sat 3:00PM","0","0","0%","0%","0","0","0","0","0","0","0","0","0","0","0","0","0","0","0","0","0","0","0","0","0","0","0","0","0"
"*06v0v*","Milan Aleksic","SUN","F","419","FA","@NOT Sat 5:30PM","0","0","0%","0%","0","0","0","0","0","0","0","0","0","0","0","0","0","0","0","0","0","0","0","0","0","0","0","0","0"
"*06r5m*","Aaron Anselmino","CHE","D","425","FA","BHA Sat 3:00PM","0","0","0%","0%","0","0","0","0","0","0","0","0","0","0","0","0","0","0","0","0","0","0","0","0","0","0","0","0","0"
"*05ogh*","Harrison Ashby","NEW","D","429","FA","ARS Sun 4:30PM","0","0","0%","0%","0","0","0","0","0","0","0","0","0","0","0","0","0","0","0","0","0","0","0","0","0","0","0","0","0"
"*06zxz*","Scott Bailey","NEW","M","436","FA","ARS Sun 4:30PM","0","0","0%","0%","0","0","0","0","0","0","0","0","0","0","0","0","0","0","0","0","0","0","0","0","0","0","0","0","0"
"*04f67*","Philip Billing","BOU","M","451","FA","@LEE Sat 3:00PM","0","0","0%","0%","0","0","0","0","0","0","0","0","0","0","0","0","0","0","0","0","0","0","0","0","0","0","0","0","0"
"*03ysd*","Sam Byram","LEE","D","402","FA","BOU Sat 3:00PM","0","0","0%","0%","0","0","0","0","0","0","0","0","0","0","0","0","0","0","0","0","0","0","0","0","0","0","0","0","0"
"*06fuh*","Hannes Delcroix","BUR","D","483","FA","@MCI Sat 3:00PM","0","0","0%","0%","0","0","0","0","0","0","0","0","0","0","0","0","0","0","0","0","0","0","0","0","0","0","0","0","0"
"*06xzb*","Romelle Donovan","BRF","M","491","FA","MUN Sat 12:30PM","0","0","0%","0%","0","0","0","0","0","0","0","0","0","0","0","0","0","0","0","0","0","0","0","0","0","0","0","0","0"
"*05r4r*","Sam Greenwood","LEE","F","511","FA","BOU Sat 3:00PM","0","0","0%","0%","0","0","0","0","0","0","0","0","0","0","0","0","0","0","0","0","0","0","0","0","0","0","0","0","0"
"*062du*","Darko Gyabi","LEE","M","514","FA","BOU Sat 3:00PM","0","0","0%","0%","0","0","0","0","0","0","0","0","0","0","0","0","0","0","0","0","0","0","0","0","0","0","0","0","0"
"*05r2t*","Niall Huggins","SUN","F","529","FA","@NOT Sat 5:30PM","0","0","0%","0%","0","0","0","0","0","0","0","0","0","0","0","0","0","0","0","0","0","0","0","0","0","0","0","0","0"
"*066sh*","Bashir Humphreys","BUR","D","530","FA","@MCI Sat 3:00PM","0","0","0%","0%","0","0","0","0","0","0","0","0","0","0","0","0","0","0","0","0","0","0","0","0","0","0","0","0","0"
"*06mnb*","Samuel Iling-Junior","AVL","F","531","FA","FUL Sun 2:00PM","0","0","0%","0%","0","0","0","0","0","0","0","0","0","0","0","0","0","0","0","0","0","0","0","0","0","0","0","0","0"
"*06prv*","Jamaldeen Jimoh","AVL","M","532","FA","FUL Sun 2:00PM","0","0","0%","0%","0","0","0","0","0","0","0","0","0","0","0","0","0","0","0","0","0","0","0","0","0","0","0","0","0"
"*06nvb*","Caleb Kporha","CRY","D","545","FA","LIV Sat 3:00PM","0","0","0%","0%","0","0","0","0","0","0","0","0","0","0","0","0","0","0","0","0","0","0","0","0","0","0","0","0","0"
"*04tsf*","Paris Maghoma","BRF","M","561","FA","MUN Sat 12:30PM","0","0","0%","0%","0","0","0","0","0","0","0","0","0","0","0","0","0","0","0","0","0","0","0","0","0","0","0","0","0"
"*06rpm*","Mateus Mane","WOL","F","565","FA","@TOT Sat 8:00PM","0","0","0%","0%","0","0","0","0","0","0","0","0","0","0","0","0","0","0","0","0","0","0","0","0","0","0","0","0","0"
"*06ewy*","Alex Murphy","NEW","D","588","FA","ARS Sun 4:30PM","0","0","0%","0%","0","0","0","0","0","0","0","0","0","0","0","0","0","0","0","0","0","0","0","0","0","0","0","0","0"
"*05r93*","Tyler Onyango","EVE","M","600","FA","WHU Mon 8:00PM","0","0","0%","+0.1%","0","0","0","0","0","0","0","0","0","0","0","0","0","0","0","0","0","0","0","0","0","0","0","0","0"
"*05afj*","Largie Ramazani","LEE","F","622","FA","BOU Sat 3:00PM","0","0","0%","0%","0","0","0","0","0","0","0","0","0","0","0","0","0","0","0","0","0","0","0","0","0","0","0","0","0"
"*062op*","Omar Richards","NOT","D","629","FA","SUN Sat 5:30PM","0","0","0%","0%","0","0","0","0","0","0","0","0","0","0","0","0","0","0","0","0","0","0","0","0","0","0","0","0","0"
"*06ya6*","Kota Takai","TOT","D","656","FA","WOL Sat 8:00PM","0","0","0%","0%","0","0","0","0","0","0","0","0","0","0","0","0","0","0","0","0","0","0","0","0","0","0","0","0","0"
"*06fy5*","Mike Tresor","BUR","F","663","FA","@MCI Sat 3:00PM","0","0","0%","0%","0","0","0","0","0","0","0","0","0","0","0","0","0","0","0","0","0","0","0","0","0","0","0","0","0"
"*05oji*","Rhys Williams","LIV","D","681","FA","@CRY Sat 3:00PM","0","0","0%","0%","0","0","0","0","0","0","0","0","0","0","0","0","0","0","0","0","0","0","0","0","0","0","0","0","0"
"*06qwh*","Ben Winterburn","BOU","M","405","FA","@LEE Sat 3:00PM","0","0","0%","0%","0","0","0","0","0","0","0","0","0","0","0","0","0","0","0","0","0","0","0","0","0","0","0","0","0"
"*06cly*","Enock Agyei","BUR","F","415","FA","@MCI Sat 3:00PM","0","0","0%","0%","0","0","0","0","0","0","0","0","0","0","0","0","0","0","0","0","0","0","0","0","0","0","0","0","0"
"*05ogg*","Ajibola Alese","SUN","D","420","FA","@NOT Sat 5:30PM","0","0","0%","0%","0","0","0","0","0","0","0","0","0","0","0","0","0","0","0","0","0","0","0","0","0","0","0","0","0"
"*06v00*","Sam Chambers","LEE","M","471","FA","BOU Sat 3:00PM","0","0","0%","0%","0","0","0","0","0","0","0","0","0","0","0","0","0","0","0","0","0","0","0","0","0","0","0","0","0"
"*05uog*","Lewis Dobbin","AVL","F","489","FA","FUL Sun 2:00PM","0","0","0%","0%","0","0","0","0","0","0","0","0","0","0","0","0","0","0","0","0","0","0","0","0","0","0","0","0","0"
"*06441*","Martial Godo","FUL","F","506","FA","@AVL Sun 2:00PM","0","0","0%","0%","0","0","0","0","0","0","0","0","0","0","0","0","0","0","0","0","0","0","0","0","0","0","0","0","0"
"*06zbq*","Andre Harriman-Annous","ARS","F","515","FA","@NEW Sun 4:30PM","0","0","0%","-0.1%","0","0","0","0","0","0","0","0","0","0","0","0","0","0","0","0","0","0","0","0","0","0","0","0","0"
"*06v0q*","Harrison Jones","SUN","M","534","FA","@NOT Sat 5:30PM","0","0","0%","0%","0","0","0","0","0","0","0","0","0","0","0","0","0","0","0","0","0","0","0","0","0","0","0","0","0"
"*06ils*","Yunus Konak","BRF","M","542","FA","MUN Sat 12:30PM","0","0","0%","0%","0","0","0","0","0","0","0","0","0","0","0","0","0","0","0","0","0","0","0","0","0","0","0","0","0"
"*06zrs*","Michael Laffey","LIV","M","549","FA","@CRY Sat 3:00PM","0","0","0%","0%","0","0","0","0","0","0","0","0","0","0","0","0","0","0","0","0","0","0","0","0","0","0","0","0","0"
"*06zrq*","Wellity Lucky","LIV","D","558","FA","@CRY Sat 3:00PM","0","0","0%","0%","0","0","0","0","0","0","0","0","0","0","0","0","0","0","0","0","0","0","0","0","0","0","0","0","0"
"*06c4p*","Benson Manuel","BUR","F","564","FA","@MCI Sat 3:00PM","0","0","0%","0%","0","0","0","0","0","0","0","0","0","0","0","0","0","0","0","0","0","0","0","0","0","0","0","0","0"
"*06mgk*","Jayden Meghoma","BRF","D","574","FA","MUN Sat 12:30PM","0","0","0%","0%","0","0","0","0","0","0","0","0","0","0","0","0","0","0","0","0","0","0","0","0","0","0","0","0","0"
"*06qgn*","Shumaira Mheuka","CHE","F","578","W <small>(Fri)</small>","BHA Sat 3:00PM","0","0","0%","0%","0","0","0","0","0","0","0","0","0","0","0","0","0","0","0","0","0","0","0","0","0","0","0","0","0"
"*06few*","Youssef Chermiti","EVE","F","621","FA","WHU Mon 8:00PM","0","0","0%","0%","0","0","0","0","0","0","0","0","0","0","0","0","0","0","0","0","0","0","0","0","0","0","0","0","0"
"*061z5*","Calvin Ramsay","LIV","D","623","FA","@CRY Sat 3:00PM","0","0","0%","0%","0","0","0","0","0","0","0","0","0","0","0","0","0","0","0","0","0","0","0","0","0","0","0","0","0"
"*06r3w*","Remy Rees-Dottin","BOU","F","627","FA","@LEE Sat 3:00PM","0","0","0%","0%","0","0","0","0","0","0","0","0","0","0","0","0","0","0","0","0","0","0","0","0","0","0","0","0","0"
"*062oi*","Kaden Rodney","CRY","M","631","FA","LIV Sat 3:00PM","0","0","0%","0%","0","0","0","0","0","0","0","0","0","0","0","0","0","0","0","0","0","0","0","0","0","0","0","0","0"
"*05o8k*","Fabio Silva","WOL","F","649","FA","@TOT Sat 8:00PM","0","0","0%","0%","0","0","0","0","0","0","0","0","0","0","0","0","0","0","0","0","0","0","0","0","0","0","0","0","0"
"*06mnd*","Eric da Silva Moreira","NOT","F","688","FA","SUN Sat 5:30PM","0","0","0%","0%","0","0","0","0","0","0","0","0","0","0","0","0","0","0","0","0","0","0","0","0","0","0","0","0","0"
"*06v0u*","Ahmed Abdullahi","SUN","F","412","FA","@NOT Sat 5:30PM","0","0","0%","0%","0","0","0","0","0","0","0","0","0","0","0","0","0","0","0","0","0","0","0","0","0","0","0","0","0"
"*067y2*","Daniel Adu-Addei","BOU","F","413","FA","@LEE Sat 3:00PM","0","0","0%","0%","0","0","0","0","0","0","0","0","0","0","0","0","0","0","0","0","0","0","0","0","0","0","0","0","0"
"*06kwh*","Benjamin Arthur","BRF","D","428","FA","MUN Sat 12:30PM","0","0","0%","0%","0","0","0","0","0","0","0","0","0","0","0","0","0","0","0","0","0","0","0","0","0","0","0","0","0"
"*06uzr*","Jaydon Banel","BUR","F","440","FA","@MCI Sat 3:00PM","0","0","0%","0%","0","0","0","0","0","0","0","0","0","0","0","0","0","0","0","0","0","0","0","0","0","0","0","0","0"
"*0643r*","Owen Bevan","BOU","D","448","FA","@LEE Sat 3:00PM","0","0","0%","0%","0","0","0","0","0","0","0","0","0","0","0","0","0","0","0","0","0","0","0","0","0","0","0","0","0"
"*06v0k*","Alan Browne","SUN","M","461","FA","@NOT Sat 5:30PM","0","0","0%","0%","0","0","0","0","0","0","0","0","0","0","0","0","0","0","0","0","0","0","0","0","0","0","0","0","0"
"*06r7l*","Bradley Burrowes","AVL","M","397","FA","FUL Sun 2:00PM","0","0","0%","0%","0","0","0","0","0","0","0","0","0","0","0","0","0","0","0","0","0","0","0","0","0","0","0","0","0"
"*06zbt*","Rio Cardines","CRY","M","468","FA","LIV Sat 3:00PM","0","0","0%","0%","0","0","0","0","0","0","0","0","0","0","0","0","0","0","0","0","0","0","0","0","0","0","0","0","0"
"*04u6i*","Leander Dendoncker","AVL","M","484","FA","FUL Sun 2:00PM","0","0","0%","0%","0","0","0","0","0","0","0","0","0","0","0","0","0","0","0","0","0","0","0","0","0","0","0","0","0"
"*05tz8*","Emmanuel Dennis","NOT","F","485","FA","SUN Sat 5:30PM","0","0","0%","0%","0","0","0","0","0","0","0","0","0","0","0","0","0","0","0","0","0","0","0","0","0","0","0","0","0"
"*05uhl*","Kaide Gordon","LIV","F","508","W <small>(Fri)</small>","@CRY Sat 3:00PM","0","0","0%","0%","0","0","0","0","0","0","0","0","0","0","0","0","0","0","0","0","0","0","0","0","0","0","0","0","0"
"*06hcm*","Callum Marshall","WHU","F","568","FA","@EVE Mon 8:00PM","0","0","0%","0%","0","0","0","0","0","0","0","0","0","0","0","0","0","0","0","0","0","0","0","0","0","0","0","0","0"
"*04ym3*","Ian Poveda-Ocampo","SUN","F","617","FA","@NOT Sat 5:30PM","0","0","0%","0%","0","0","0","0","0","0","0","0","0","0","0","0","0","0","0","0","0","0","0","0","0","0","0","0","0"
"*06uzx*","Isaac Schmidt","LEE","D","641","FA","BOU Sat 3:00PM","0","0","0%","0%","0","0","0","0","0","0","0","0","0","0","0","0","0","0","0","0","0","0","0","0","0","0","0","0","0"
"*06kk4*","Franco Umeh-Chibueze","CRY","F","670","FA","LIV Sat 3:00PM","0","0","0%","0%","0","0","0","0","0","0","0","0","0","0","0","0","0","0","0","0","0","0","0","0","0","0","0","0","0"
"*06r5r*","Matai Akinmboni","BOU","D","418","FA","@LEE Sat 3:00PM","0","0","0%","0%","0","0","0","0","0","0","0","0","0","0","0","0","0","0","0","0","0","0","0","0","0","0","0","0","0"
"*03dxr*","Ashley Barnes","BUR","F","442","FA","@MCI Sat 3:00PM","0","0","0%","0%","0","0","0","0","0","0","0","0","0","0","0","0","0","0","0","0","0","0","0","0","0","0","0","0","0"
"*06zod*","Dean Benamar","CRY","D","443","FA","LIV Sat 3:00PM","0","0","0%","0%","0","0","0","0","0","0","0","0","0","0","0","0","0","0","0","0","0","0","0","0","0","0","0","0","0"
"*06zc3*","Junai Byfield","TOT","D","463","FA","WOL Sat 8:00PM","0","0","0%","0%","0","0","0","0","0","0","0","0","0","0","0","0","0","0","0","0","0","0","0","0","0","0","0","0","0"
"*06zrr*","Josh Davidson","LIV","D","481","FA","@CRY Sat 3:00PM","0","0","0%","0%","0","0","0","0","0","0","0","0","0","0","0","0","0","0","0","0","0","0","0","0","0","0","0","0","0"
"*06jgk*","Romain Faivre","BOU","M","499","FA","@LEE Sat 3:00PM","0","0","0%","0%","0","0","0","0","0","0","0","0","0","0","0","0","0","0","0","0","0","0","0","0","0","0","0","0","0"
"*06zvn*","George Hemmings","AVL","M","520","FA","FUL Sun 2:00PM","0","0","0%","0%","0","0","0","0","0","0","0","0","0","0","0","0","0","0","0","0","0","0","0","0","0","0","0","0","0"
"*062ft*","Tyrell Malacia","MUN","D","562","FA","@BRF Sat 12:30PM","0","0","0%","0%","0","0","0","0","0","0","0","0","0","0","0","0","0","0","0","0","0","0","0","0","0","0","0","0","0"
"*06awp*","Travis Patterson","AVL","D","607","FA","FUL Sun 2:00PM","0","0","0%","0%","0","0","0","0","0","0","0","0","0","0","0","0","0","0","0","0","0","0","0","0","0","0","0","0","0"
"*05nuf*","Myles Peart-Harris","BRF","M","610","FA","MUN Sat 12:30PM","0","0","0%","0%","0","0","0","0","0","0","0","0","0","0","0","0","0","0","0","0","0","0","0","0","0","0","0","0","0"
"*06prt*","Triston Rowe","AVL","D","633","FA","FUL Sun 2:00PM","0","0","0%","0%","0","0","0","0","0","0","0","0","0","0","0","0","0","0","0","0","0","0","0","0","0","0","0","0","0"
"*06rwp*","Charlie Tasker","BHA","D","658","FA","@CHE Sat 3:00PM","0","0","0%","0%","0","0","0","0","0","0","0","0","0","0","0","0","0","0","0","0","0","0","0","0","0","0","0","0","0"
"*06rrq*","Reggie Walsh","CHE","M","675","W <small>(Fri)</small>","BHA Sat 3:00PM","0","0","0%","0%","0","0","0","0","0","0","0","0","0","0","0","0","0","0","0","0","0","0","0","0","0","0","0","0","0"
"*06qq9*","Luca Williams-Barnett","TOT","F","682","W <small>(Fri)</small>","WOL Sat 8:00PM","0","0","0%","0%","0","0","0","0","0","0","0","0","0","0","0","0","0","0","0","0","0","0","0","0","0","0","0","0","0"
"*05uh0*","Joseph Anderson","SUN","D","424","FA","@NOT Sat 5:30PM","0","0","0%","0%","0","0","0","0","0","0","0","0","0","0","0","0","0","0","0","0","0","0","0","0","0","0","0","0","0"
"*06xzn*","Abdoullah Ba","SUN","M","433","FA","@NOT Sat 5:30PM","0","0","0%","0%","0","0","0","0","0","0","0","0","0","0","0","0","0","0","0","0","0","0","0","0","0","0","0","0","0"
"*0700s*","Adam Berry","NOT","M","446","FA","SUN Sat 5:30PM","0","0","0%","0%","0","0","0","0","0","0","0","0","0","0","0","0","0","0","0","0","0","0","0","0","0","0","0","0","0"
"*06pru*","Aidan Borland","AVL","M","454","FA","FUL Sun 2:00PM","0","0","0%","0%","0","0","0","0","0","0","0","0","0","0","0","0","0","0","0","0","0","0","0","0","0","0","0","0","0"
"*06cm7*","Josh Bowler","NOT","M","457","FA","SUN Sat 5:30PM","0","0","0%","0%","0","0","0","0","0","0","0","0","0","0","0","0","0","0","0","0","0","0","0","0","0","0","0","0","0"
"*06pry*","Kaden Braithwaite","MCI","D","458","W <small>(Fri)</small>","BUR Sat 3:00PM","0","0","0%","0%","0","0","0","0","0","0","0","0","0","0","0","0","0","0","0","0","0","0","0","0","0","0","0","0","0"
"*06zoe*","Luke Browne","CRY","D","462","FA","LIV Sat 3:00PM","0","0","0%","0%","0","0","0","0","0","0","0","0","0","0","0","0","0","0","0","0","0","0","0","0","0","0","0","0","0"
"*06nlc*","Reigan Heskey","MCI","F","522","W <small>(Fri)</small>","BUR Sat 3:00PM","0","0","0%","0%","0","0","0","0","0","0","0","0","0","0","0","0","0","0","0","0","0","0","0","0","0","0","0","0","0"
"*06xzo*","Jay Matete","SUN","M","570","FA","@NOT Sat 5:30PM","0","0","0%","0%","0","0","0","0","0","0","0","0","0","0","0","0","0","0","0","0","0","0","0","0","0","0","0","0","0"
"*04ylt*","Chris Mepham","BOU","D","575","FA","@LEE Sat 3:00PM","0","0","0%","0%","0","0","0","0","0","0","0","0","0","0","0","0","0","0","0","0","0","0","0","0","0","0","0","0","0"
"*05vyh*","Andy Moran","BHA","M","581","FA","@CHE Sat 3:00PM","0","0","0%","0%","0","0","0","0","0","0","0","0","0","0","0","0","0","0","0","0","0","0","0","0","0","0","0","0","0"
"*06rkq*","Kieran Morrison","LIV","M","583","W <small>(Fri)</small>","@CRY Sat 3:00PM","0","0","0%","0%","0","0","0","0","0","0","0","0","0","0","0","0","0","0","0","0","0","0","0","0","0","0","0","0","0"
"*06xzk*","Timothee Pembele","SUN","D","611","FA","@NOT Sat 5:30PM","0","0","0%","0%","0","0","0","0","0","0","0","0","0","0","0","0","0","0","0","0","0","0","0","0","0","0","0","0","0"
"*06xzq*","Nazariy Rusyn","SUN","F","635","FA","@NOT Sat 5:30PM","0","0","0%","0%","0","0","0","0","0","0","0","0","0","0","0","0","0","0","0","0","0","0","0","0","0","0","0","0","0"
"*06xzp*","Luis Hemir Silva Semedo","SUN","F","643","FA","@NOT Sat 5:30PM","0","0","0%","0%","0","0","0","0","0","0","0","0","0","0","0","0","0","0","0","0","0","0","0","0","0","0","0","0","0"
"*062cj*","Abdallah Sima","BHA","F","644","FA","@CHE Sat 3:00PM","0","0","0%","0%","0","0","0","0","0","0","0","0","0","0","0","0","0","0","0","0","0","0","0","0","0","0","0","0","0"
"*070hm*","Luis Eduardo Soares da Silva","NOT","D","650","FA","SUN Sat 5:30PM","0","0","0%","0%","0","0","0","0","0","0","0","0","0","0","0","0","0","0","0","0","0","0","0","0","0","0","0","0","0"
"*06zqi*","Joshua Stephenson","BRF","D","655","FA","MUN Sat 12:30PM","0","0","0%","-0.1%","0","0","0","0","0","0","0","0","0","0","0","0","0","0","0","0","0","0","0","0","0","0","0","0","0"
"*06zc8*","Tynan Thompson","TOT","F","660","W <small>(Fri)</small>","WOL Sat 8:00PM","0","0","0%","0%","0","0","0","0","0","0","0","0","0","0","0","0","0","0","0","0","0","0","0","0","0","0","0","0","0"
"*06xzl*","Nectarios Triantis","SUN","D","664","FA","@NOT Sat 5:30PM","0","0","0%","0%","0","0","0","0","0","0","0","0","0","0","0","0","0","0","0","0","0","0","0","0","0","0","0","0","0"
"*06v0x*","Tymur Tutierov","SUN","F","667","FA","@NOT Sat 5:30PM","0","0","0%","0%","0","0","0","0","0","0","0","0","0","0","0","0","0","0","0","0","0","0","0","0","0","0","0","0","0"
"*06uzs*","Tom Tweedy","BUR","F","668","FA","@MCI Sat 3:00PM","0","0","0%","0%","0","0","0","0","0","0","0","0","0","0","0","0","0","0","0","0","0","0","0","0","0","0","0","0","0"
"*06idv*","Elijah Campbell","EVE","D","465","FA","WHU Mon 8:00PM","0","0","0%","0%","0","0","0","0","0","0","0","0","0","0","0","0","0","0","0","0","0","0","0","0","0","0","0","0","0"
"*06kji*","Ollie Harrison","CHE","M","516","W <small>(Fri)</small>","BHA Sat 3:00PM","0","0","0%","0%","0","0","0","0","0","0","0","0","0","0","0","0","0","0","0","0","0","0","0","0","0","0","0","0","0"
"*06nbw*","Jaden Heskey","MCI","F","521","W <small>(Fri)</small>","BUR Sat 3:00PM","0","0","0%","0%","0","0","0","0","0","0","0","0","0","0","0","0","0","0","0","0","0","0","0","0","0","0","0","0","0"
"*06xzm*","Zak Johnson","SUN","D","533","FA","@NOT Sat 5:30PM","0","0","0%","0%","0","0","0","0","0","0","0","0","0","0","0","0","0","0","0","0","0","0","0","0","0","0","0","0","0"
"*070eo*","Jenson Jones","SUN","M","536","FA","@NOT Sat 5:30PM","0","0","0%","0%","0","0","0","0","0","0","0","0","0","0","0","0","0","0","0","0","0","0","0","0","0","0","0","0","0"
"*06zqj*","Ethan Laidlaw","BRF","F","550","FA","MUN Sat 12:30PM","0","0","0%","0%","0","0","0","0","0","0","0","0","0","0","0","0","0","0","0","0","0","0","0","0","0","0","0","0","0"
"*06nbu*","Stephen Mfuni","MCI","D","577","FA","BUR Sat 3:00PM","0","0","0%","-0.2%","0","0","0","0","0","0","0","0","0","0","0","0","0","0","0","0","0","0","0","0","0","0","0","0","0"
"*06xzj*","David Mota Veiga Teixeira do Carmo","NOT","D","584","FA","SUN Sat 5:30PM","0","0","0%","0%","0","0","0","0","0","0","0","0","0","0","0","0","0","0","0","0","0","0","0","0","0","0","0","0","0"
"*070en*","Oliver Pimlott","BUR","F","614","FA","@MCI Sat 3:00PM","0","0","0%","0%","0","0","0","0","0","0","0","0","0","0","0","0","0","0","0","0","0","0","0","0","0","0","0","0","0"
"*06s7r*","Freddie Simmonds","BHA","D","645","FA","@CHE Sat 3:00PM","0","0","0%","0%","0","0","0","0","0","0","0","0","0","0","0","0","0","0","0","0","0","0","0","0","0","0","0","0","0"
"*0700r*","Jimmy Sinclair","NOT","M","646","FA","SUN Sat 5:30PM","0","0","0%","0%","0","0","0","0","0","0","0","0","0","0","0","0","0","0","0","0","0","0","0","0","0","0","0","0","0"
"*06mmk*","Marko Stamenic","NOT","M","653","FA","SUN Sat 5:30PM","0","0","0%","0%","0","0","0","0","0","0","0","0","0","0","0","0","0","0","0","0","0","0","0","0","0","0","0","0","0"
"*0700q*","Archie Whitehall","NOT","M","679","FA","SUN Sat 5:30PM","0","0","0%","0%","0","0","0","0","0","0","0","0","0","0","0","0","0","0","0","0","0","0","0","0","0","0","0","0","0"
"*070eq*","Jack Whittaker","SUN","M","680","FA","@NOT Sat 5:30PM","0","0","0%","0%","0","0","0","0","0","0","0","0","0","0","0","0","0","0","0","0","0","0","0","0","0","0","0","0","0"
"*071xd*","George Brierley","BUR","M","460","W <small>(Fri)</small>","@MCI Sat 3:00PM","0","0","0%","0%","0","0","0","0","0","0","0","0","0","0","0","0","0","0","0","0","0","0","0","0","0","0","0","0","0"
"*071xc*","Murray Campbell","BUR","D","466","W <small>(Fri)</small>","@MCI Sat 3:00PM","0","0","0%","0%","0","0","0","0","0","0","0","0","0","0","0","0","0","0","0","0","0","0","0","0","0","0","0","0","0"
"*071xe*","Ellis Clark","BUR","M","475","W <small>(Fri)</small>","@MCI Sat 3:00PM","0","0","0%","0%","0","0","0","0","0","0","0","0","0","0","0","0","0","0","0","0","0","0","0","0","0","0","0","0","0"
"*070ep*","Jayden Jones","SUN","M","535","FA","@NOT Sat 5:30PM","0","0","0%","0%","0","0","0","0","0","0","0","0","0","0","0","0","0","0","0","0","0","0","0","0","0","0","0","0","0"
"*070em*","Marley Leuluai","BUR","M","556","FA","@MCI Sat 3:00PM","0","0","0%","0%","0","0","0","0","0","0","0","0","0","0","0","0","0","0","0","0","0","0","0","0","0","0","0","0","0"
"*06v0r*","Ben Middlemas","SUN","M","579","FA","@NOT Sat 5:30PM","0","0","0%","0%","0","0","0","0","0","0","0","0","0","0","0","0","0","0","0","0","0","0","0","0","0","0","0","0","0"
"*06v0w*","Trey Ogunsuyi","SUN","F","598","FA","@NOT Sat 5:30PM","0","0","0%","0%","0","0","0","0","0","0","0","0","0","0","0","0","0","0","0","0","0","0","0","0","0","0","0","0","0"
"*06yjz*","Tommy Pilling","LIV","M","613","W <small>(Fri)</small>","@CRY Sat 3:00PM","0","0","0%","0%","0","0","0","0","0","0","0","0","0","0","0","0","0","0","0","0","0","0","0","0","0","0","0","0","0"
"*071xf*","Brandon Pouani","BUR","F","616","W <small>(Fri)</small>","@MCI Sat 3:00PM","0","0","0%","0%","0","0","0","0","0","0","0","0","0","0","0","0","0","0","0","0","0","0","0","0","0","0","0","0","0"
"*05tr1*","Ethan Pinnock","BRF","D","335","FA","MUN Sat 12:30PM","-0.04","-0.04","3%","-0.5%","1","1","73","0","0","0","0","1","1","0","0","0","0","0","4","0","2","3","0","1","0","0","1","3","0"
"*052cb*","Ian Maatsen","AVL","D","308","FA","FUL Sun 2:00PM","-0.13","-0.13","32%","-0.9%","1","0","31","0","0","0","0","0","0","1","0","0","0","0","1","0","0","1","1","0","0","0","0","1","0"
"*06l4i*","Tyrique George","CHE","F","356","FA","BHA Sat 3:00PM","-2.5","-2.5","2%","+0.2%","1","0","25","0","0","0","0","0","2","1","0","0","0","0","0","0","0","0","1","0","0","0","0","0","0"
"*06yb9*","Reinildo Isnard Mandava","SUN","D","122","FA","@NOT Sat 5:30PM","-4.86","-4.86","14%","-7.4%","1","1","32","0","0","0","0","0","1","0","1","0","0","1","0","0","0","0","0","0","0","0","0","0","0"
