"ID","Player","Team","Position","RkOv","Status","Opponent","FPts","FP/G","Ros","+/-"
"*061vq*","Erling Haaland","MCI","F","1","joester1","BUR Sat 3:00PM","98.81","19.76","100%","0%"
"*04mup*","Trevoh Chalobah","CHE","D","2","CTM","BHA Sat 3:00PM","95.96","19.19","88%","+0.1%"
"*068y0*","Antoine Semenyo","BOU","F","3","CUM","@LEE Sat 3:00PM","89.7","17.94","100%","0%"
"*06fv8*","Mohammed Kudus","TOT","M","4","Fsail93","WOL Sat 8:00PM","82.18","16.44","100%","0%"
"*050jq*","Marc Guehi","CRY","D","5","Ekitiki","LIV Sat 3:00PM","81.8","16.36","98%","+0.5%"
"*06pia*","Maxence Lacroix","CRY","D","6","EDL4EFL","LIV Sat 3:00PM","80.15","16.03","97%","+0.2%"
"*044ei*","Nick Pope","NEW","G","7","BukAke","ARS Sun 4:30PM","77","15.4","96%","+0.5%"
"*03vlj*","Virgil van Dijk","LIV","D","8","Rozza08","@CRY Sat 3:00PM","76.9","15.38","100%","0%"
"*05r94*","Iliman Ndiaye","EVE","M","9","EDL4EFL","WHU Mon 8:00PM","76.87","15.37","100%","0%"
"*063e7*","Marcos Senesi","BOU","D","10","Dank95","@LEE Sat 3:00PM","76.45","15.29","88%","+2%"
"*061vk*","Jaidon Anthony","BUR","F","11","Rozza08","@MCI Sat 3:00PM","75.69","15.14","86%","+4%"
"*02lsa*","Dan Burn","NEW","D","12","Fsail93","ARS Sun 4:30PM","75.65","15.13","98%","-0.1%"
"*06nu7*","Riccardo Calafiori","ARS","D","13","ojag7","@NEW Sun 4:30PM","75.57","15.11","89%","-0.2%"
"*06dmj*","Jurrien Timber","ARS","D","14","joester1","@NEW Sun 4:30PM","75.32","15.06","98%","+0.2%"
"*05g2o*","Joao Pedro","CHE","F","15","Dank95","BHA Sat 3:00PM","74.4","14.88","100%","0%"
"*05akv*","Tyrick Mitchell","CRY","D","16","BMB","LIV Sat 3:00PM","74.3","14.86","97%","+0.3%"
"*02lm7*","Jack Grealish","EVE","M","17","ojag7","WHU Mon 8:00PM","73.93","14.79","97%","0%"
"*0635j*","Chris Richards","CRY","D","18","CUM","LIV Sat 3:00PM","72.4","14.48","86%","+4.2%"
"*06cmb*","Guglielmo Vicario","TOT","G","19","CUM","WOL Sat 8:00PM","72.25","14.45","93%","+0.7%"
"*06jgi*","Daniel Munoz","CRY","D","20","Dank95","LIV Sat 3:00PM","71.7","14.34","100%","0%"
"*05rb8*","Moises Caicedo","CHE","M","21","EDL4EFL","BHA Sat 3:00PM","71.65","14.33","96%","+2.7%"
"*05uoc*","Cristian Romero","TOT","D","22","BukAke","WOL Sat 8:00PM","71.3","14.26","99%","+1.5%"
"*06znb*","Robin Roefs","SUN","G","23","Rozza08","@NOT Sat 5:30PM","70.5","14.1","55%","+23.4%"
"*04io4*","Richarlison","TOT","F","24","joester1","WOL Sat 8:00PM","70.25","14.05","84%","+1.5%"
"*06zbz*","Hugo Ekitike","LIV","F","25","Fsail93","@CRY Sat 3:00PM","69.9","13.98","96%","0%"
"*0427d*","James Tarkowski","EVE","D","26","CTM","WHU Mon 8:00PM","69.4","13.88","99%","-0.1%"
"*06zbx*","Anton Stach","LEE","M","27","BMB","BOU Sat 3:00PM","68.55","13.71","71%","-1.8%"
"*067yv*","Cody Gakpo","LIV","F","28","CTM","@CRY Sat 3:00PM","68.36","13.67","100%","0%"
"*06c6g*","Yankuba Minteh","BHA","M","29","CUM","@CHE Sat 3:00PM","68.25","13.65","98%","+1.5%"
"*05gcr*","Bruno Fernandes","MUN","M","30","CTM","@BRF Sat 12:30PM","66.92","13.38","100%","0%"
"*03rec*","Tyrone Mings","AVL","D","31","joester1","FUL Sun 2:00PM","65.95","13.19","59%","+23.2%"
"*06v0g*","Trai Hume","SUN","D","32","BukAke","@NOT Sat 5:30PM","65.5","13.1","67%","+20.1%"
"*0647t*","Lucas Paqueta","WHU","M","33","BukAke","@EVE Mon 8:00PM","64.19","12.84","97%","+0.1%"
"*04tig*","Fabian Schar","NEW","D","34","feeneya","ARS Sun 4:30PM","63.05","15.76","88%","-4.4%"
"*068ym*","Enzo Fernandez","CHE","M","35","feeneya","BHA Sat 3:00PM","62.91","12.58","100%","0%"
"*05tqx*","David Raya","ARS","G","36","Fsail93","@NEW Sun 4:30PM","62.5","12.5","100%","-0.1%"
"*04spw*","James Garner","EVE","M","37","joester1","WHU Mon 8:00PM","61.9","12.38","69%","+11.1%"
"*046c5*","Jarrod Bowen","WHU","F","38","Rozza08","@EVE Mon 8:00PM","61.85","12.37","100%","0%"
"*05n07*","Pedro Porro","TOT","D","39","BMB","WOL Sat 8:00PM","61.66","12.33","100%","0%"
"*04mr4*","Martin Dubravka","BUR","G","40","FPLL","@MCI Sat 3:00PM","61.25","12.25","18%","+4.4%"
"*0700t*","Omar Alderete","SUN","D","41","BMB","@NOT Sat 5:30PM","61.09","12.22","33%","+17.7%"
"*05nzu*","Gabriel Magalhaes","ARS","D","42","CTM","@NEW Sun 4:30PM","61","12.2","100%","0%"
"*06ezb*","Micky van de Ven","TOT","D","43","FPLL","WOL Sat 8:00PM","60.93","12.19","93%","+3.4%"
"*06ymu*","El Hadji Malick Diouf","WHU","M","44","BMB","@EVE Mon 8:00PM","60.65","12.13","77%","-0.4%"
"*05s08*","Valentino Livramento","NEW","D","45","Ekitiki","ARS Sun 4:30PM","60.2","12.04","99%","-0.2%"
"*03aqp*","Mohamed Salah","LIV","F","46","Fsail93","@CRY Sat 3:00PM","59.86","11.97","100%","0%"
"*06p4k*","Matthijs de Ligt","MUN","D","47","Ekitiki","@BRF Sat 12:30PM","59.55","11.91","59%","-5.5%"
"*06fxe*","Ryan Gravenberch","LIV","M","48","Rozza08","@CRY Sat 3:00PM","59.1","14.78","86%","+6.9%"
"*0435m*","Granit Xhaka","SUN","M","49","Dank95","@NOT Sat 5:30PM","58.8","11.76","74%","+9.3%"
"*0327r*","Michael Keane","EVE","D","50","feeneya","WHU Mon 8:00PM","58.65","11.73","33%","+13.5%"
"*03yww*","Dean Henderson","CRY","G","51","Dank95","LIV Sat 3:00PM","58.5","11.7","87%","-1.2%"
"*05u7f*","Ibrahima Konate","LIV","D","52","feeneya","@CRY Sat 3:00PM","58.23","11.65","94%","+7.3%"
"*05o4b*","Matty Cash","AVL","D","53","Ekitiki","FUL Sun 2:00PM","57.51","11.5","55%","+4.8%"
"*032f9*","Jordan Pickford","EVE","G","54","EDL4EFL","WHU Mon 8:00PM","57.5","11.5","97%","-1.1%"
"*06y9z*","Martin Zubimendi","ARS","M","55","Fsail93","@NEW Sun 4:30PM","56.51","11.3","88%","+16.5%"
"*04qor*","Bernd Leno","FUL","G","56","BukAke","@AVL Sun 2:00PM","56.25","11.25","53%","+1.4%"
"*03hff*","Josh Cullen","BUR","M","57","Rozza08","@MCI Sat 3:00PM","56.09","11.22","67%","+2.6%"
"*06fuw*","Djordje Petrovic","BOU","G","58","BMB","@LEE Sat 3:00PM","55.5","11.1","62%","-8.3%"
"*04tsb*","Viktor Gyokeres","ARS","F","59","BukAke","@NEW Sun 4:30PM","54.87","10.97","97%","0%"
"*062oh*","Jake OBrien","EVE","D","60","ojag7","WHU Mon 8:00PM","54.65","10.93","27%","+1.8%"
"*03yqz*","Joe Rodon","LEE","D","61","W <small>(Fri)</small>","BOU Sat 3:00PM","54.5","10.9","20%","+6.9%"
"*06cmm*","Dominik Szoboszlai","LIV","M","62","Dank95","@CRY Sat 3:00PM","54.35","10.87","100%","+0.1%"
"*06v06*","Tijjani Reijnders","MCI","M","63","CTM","BUR Sat 3:00PM","54.15","10.83","99%","-0.1%"
"*05opj*","Elliot Anderson","NOT","M","64","Fsail93","SUN Sat 5:30PM","54.05","10.81","97%","+0.3%"
"*05w9i*","Marc Cucurella","CHE","D","65","BukAke","BHA Sat 3:00PM","54.02","10.8","100%","+0.7%"
"*038ze*","Alex Iwobi","FUL","M","66","Rozza08","@AVL Sun 2:00PM","53.99","10.8","95%","-1.9%"
"*06uyc*","Adrien Truffert","BOU","D","67","Ekitiki","@LEE Sat 3:00PM","53.75","10.75","92%","-0.7%"
"*05os8*","Joachim Andersen","FUL","D","68","CUM","@AVL Sun 2:00PM","53.55","10.71","51%","+9.3%"
"*06mn0*","Igor Thiago","BRF","F","69","Rozza08","MUN Sat 12:30PM","53.2","10.64","94%","+0.6%"
"*062ci*","Kaoru Mitoma","BHA","M","70","joester1","@CHE Sat 3:00PM","52.39","10.48","99%","+0.1%"
"*06v6n*","Quilindschy Hartman","BUR","D","71","BukAke","@MCI Sat 3:00PM","52.25","10.45","8%","+3.5%"
"*06jgr*","Maxime Esteve","BUR","D","73","FA","@MCI Sat 3:00PM","51.99","10.4","13%","+0.7%"
"*06c4h*","Hjalmar Ekdal","BUR","D","72","FA","@MCI Sat 3:00PM","51.99","10.4","5%","+2.3%"
"*0639x*","Marcus Tavernier","BOU","M","74","BukAke","@LEE Sat 3:00PM","51.22","10.24","96%","-1.3%"
"*05r8o*","Jean-Philippe Mateta","CRY","F","75","CTM","LIV Sat 3:00PM","51.07","10.21","99%","-0.2%"
"*062h7*","Tyler Adams","BOU","M","76","Dank95","@LEE Sat 3:00PM","50.3","10.06","16%","-0.6%"
"*05w7t*","Pape Sarr","TOT","M","77","ojag7","WOL Sat 8:00PM","49.8","12.45","67%","+3.8%"
"*06r7k*","Emmanuel Agbadou","WOL","D","78","EDL4EFL","@TOT Sat 8:00PM","49.8","9.96","10%","+3.4%"
"*03rxa*","Idrissa Gueye","EVE","M","79","EDL4EFL","WHU Mon 8:00PM","49.5","9.9","14%","+0.6%"
"*05gcc*","Kiernan Dewsbury-Hall","EVE","M","80","W <small>(Fri)</small>","WHU Mon 8:00PM","49.3","9.86","86%","-0.4%"
"*06v0t*","Wilson Isidor","SUN","F","81","BukAke","@NOT Sat 5:30PM","48.89","9.78","30%","+2.2%"
"*0700u*","Bafode Diakite","BOU","D","82","ojag7","@LEE Sat 3:00PM","48.5","12.12","30%","-2.3%"
"*06c4o*","Lyle Foster","BUR","F","83","FA","@MCI Sat 3:00PM","48.21","9.64","24%","+5.3%"
"*06p6j*","Evanilson","BOU","F","84","feeneya","@LEE Sat 3:00PM","48","9.6","99%","+0.5%"
"*06mn7*","Lucas Bergvall","TOT","M","85","joester1","WOL Sat 8:00PM","48","9.6","58%","+47.4%"
"*02m5b*","Chris Wood","NOT","F","86","EDL4EFL","SUN Sat 5:30PM","47.85","9.57","99%","-0.2%"
"*05oeh*","Kenny Tete","FUL","D","87","FPLL","@AVL Sun 2:00PM","47.3","9.46","48%","+2.6%"
"*05nns*","Danny Ballard","SUN","D","88","Rozza08","@NOT Sat 5:30PM","47.3","15.77","43%","+0.8%"
"*05trb*","Bryan Mbeumo","MUN","F","89","BMB","@BRF Sat 12:30PM","46.91","9.38","100%","0%"
"*06f8y*","Alex Scott","BOU","M","90","CUM","@LEE Sat 3:00PM","46.91","9.38","27%","+21%"
"*05a6e*","Neco Williams","NOT","D","91","EDL4EFL","SUN Sat 5:30PM","46.55","9.31","74%","-6.6%"
"*06zna*","Dan Ndoye","NOT","F","92","CTM","SUN Sat 5:30PM","46.25","9.25","81%","+4.2%"
"*06rlj*","Patrick Dorgu","MUN","D","93","ojag7","@BRF Sat 12:30PM","45.95","11.49","78%","+4.9%"
"*06cms*","Sandro Tonali","NEW","M","94","BukAke","ARS Sun 4:30PM","45.8","9.16","89%","+1.3%"
"*03dx3*","Kieran Trippier","NEW","D","95","FA","ARS Sun 4:30PM","45.25","11.31","80%","+3.7%"
"*06do9*","Milos Kerkez","LIV","D","96","BMB","@CRY Sat 3:00PM","45.12","9.02","99%","-1%"
"*04agz*","Declan Rice","ARS","M","97","Ekitiki","@NEW Sun 4:30PM","45.11","9.02","100%","-0.2%"
"*04yme*","Robert Sanchez","CHE","G","98","feeneya","BHA Sat 3:00PM","45.03","9.01","90%","-3.9%"
"*05o8o*","Jayden Bogle","LEE","D","99","FA","BOU Sat 3:00PM","44.83","8.97","23%","+1.2%"
"*0558w*","William Saliba","ARS","D","100","ojag7","@NEW Sun 4:30PM","44.73","11.18","98%","+0.6%"
"*06fup*","Jeremy Doku","MCI","M","101","BukAke","BUR Sat 3:00PM","44.7","8.94","97%","+7.6%"
"*0703c*","Nordi Mukiele","SUN","D","102","Dank95","@NOT Sat 5:30PM","44.5","14.83","26%","+16.4%"
"*068yc*","Yasin Ayari","BHA","M","103","FA","@CHE Sat 3:00PM","44.4","8.88","6%","+1.5%"
"*06yb7*","Gabriel Gudmundsson","LEE","D","104","Rozza08","BOU Sat 3:00PM","44.13","8.83","41%","-6.5%"
"*068yt*","Sasa Lukic","FUL","M","105","Dank95","@AVL Sun 2:00PM","43.25","8.65","34%","+12.8%"
"*04rh9*","David Brooks","BOU","M","106","FPLL","@LEE Sat 3:00PM","42.58","8.52","64%","-5.9%"
"*062dt*","Joao Palhinha","TOT","M","107","FPLL","WOL Sat 8:00PM","42.37","8.47","53%","-0.2%"
"*03yeg*","Tosin Adarabioyo","CHE","D","108","W <small>(Fri)</small>","BHA Sat 3:00PM","42.29","10.57","44%","-13.4%"
"*05220*","Sepp van den Berg","BRF","D","109","Dank95","MUN Sat 12:30PM","42","8.4","31%","-4%"
"*04qr9*","Morgan Gibbs-White","NOT","M","110","BukAke","SUN Sat 5:30PM","41.97","8.39","99%","-0.4%"
"*051k7*","Reece James","CHE","D","111","Fsail93","BHA Sat 3:00PM","41.74","8.35","91%","+1.5%"
"*05mzz*","Pascal Struijk","LEE","D","112","FA","BOU Sat 3:00PM","41.65","8.33","9%","0%"
"*05r34*","Amad Diallo","MUN","M","113","W <small>(Fri)</small>","@BRF Sat 12:30PM","41.62","8.32","97%","-0.7%"
"*066r9*","Ehor Yarmolyuk","BRF","M","114","FA","MUN Sat 12:30PM","41.21","8.24","6%","+0.4%"
"*056iy*","Pedro Neto","CHE","F","115","BMB","BHA Sat 3:00PM","40.57","8.11","100%","0%"
"*06rgg*","Michael Kayode","BRF","D","116","BMB","MUN Sat 12:30PM","40.57","8.11","55%","-0.8%"
"*04e1c*","Lewis Dunk","BHA","D","117","feeneya","@CHE Sat 3:00PM","40.4","8.08","13%","-1.6%"
"*04f6h*","Matz Sels","NOT","G","118","ojag7","SUN Sat 5:30PM","40.25","8.05","66%","-7.7%"
"*062ts*","Djed Spence","TOT","D","119","Dank95","WOL Sat 8:00PM","40.22","8.04","62%","-10.8%"
"*05oz3*","James Trafford","MCI","G","120","FA","BUR Sat 3:00PM","39.9","13.3","31%","-7.5%"
"*05raa*","Hugo Bueno","WOL","D","121","FA","@TOT Sat 8:00PM","39.89","7.98","8%","+3.5%"
"*06yb9*","Reinildo Isnard Mandava","SUN","D","122","FA","@NOT Sat 5:30PM","39.84","7.97","21%","+9.4%"
"*06mnc*","Daichi Kamada","CRY","M","123","joester1","LIV Sat 3:00PM","39.65","13.22","43%","+13.2%"
"*061vn*","Rodrigo Muniz","FUL","F","124","EDL4EFL","@AVL Sun 2:00PM","39.38","7.88","52%","-1.7%"
"*04qfm*","Ryan Sessegnon","FUL","M","125","FA","@AVL Sun 2:00PM","39.34","9.84","28%","+6.6%"
"*02oq8*","James Ward-Prowse","WHU","M","126","FA","@EVE Mon 8:00PM","39.29","7.86","62%","+1.4%"
"*051k0*","John McGinn","AVL","M","127","FA","FUL Sun 2:00PM","39.18","7.84","41%","+0.4%"
"*04sjt*","Alisson","LIV","G","128","CTM","@CRY Sat 3:00PM","39","7.8","95%","-1%"
"*068yd*","Joao Gomes","WOL","M","129","Dank95","@TOT Sat 8:00PM","38.7","7.74","33%","+1.6%"
"*05omu*","Ruben Dias","MCI","D","130","FPLL","BUR Sat 3:00PM","38.28","7.66","72%","+0.2%"
"*063q8*","Mikkel Damsgaard","BRF","M","131","CUM","MUN Sat 12:30PM","37.82","12.61","95%","+0.2%"
"*05nt6*","Eberechi Eze","ARS","M","132","BMB","@NEW Sun 4:30PM","37.8","9.45","100%","-0.1%"
"*06mx0*","Leny Yoro","MUN","D","133","FA","@BRF Sat 12:30PM","37.7","7.54","44%","-11.6%"
"*03rxs*","Harry Wilson","FUL","M","134","FA","@AVL Sun 2:00PM","37.02","7.4","47%","-8.3%"
"*068n8*","Noni Madueke","ARS","M","135","W <small>(Fri)</small>","@NEW Sun 4:30PM","36.76","7.35","97%","+2.1%"
"*061ya*","Brennan Johnson","TOT","F","136","feeneya","WOL Sat 8:00PM","36.65","7.33","93%","-4.1%"
"*03am7*","Jacob Murphy","NEW","M","137","FPLL","ARS Sun 4:30PM","36.59","9.15","79%","+13.2%"
"*04mi4*","Callum Hudson-Odoi","NOT","F","138","CUM","SUN Sat 5:30PM","35.81","7.16","93%","-3.2%"
"*05u1m*","Nathan Collins","BRF","D","139","EDL4EFL","MUN Sat 12:30PM","35.65","7.13","72%","-3.9%"
"*067zv*","Kevin Schade","BRF","F","140","EDL4EFL","MUN Sat 12:30PM","35.62","7.12","88%","+6.8%"
"*04yey*","Max Kilman","WHU","D","141","EDL4EFL","@EVE Mon 8:00PM","35.4","7.08","32%","-2.1%"
"*06v21*","Florian Wirtz","LIV","M","142","CUM","@CRY Sat 3:00PM","35.34","7.07","100%","0%"
"*04fk6*","Bernardo Silva","MCI","M","143","CUM","BUR Sat 3:00PM","34.53","6.91","89%","+3%"
"*06jgs*","Adam Wharton","CRY","M","144","CTM","LIV Sat 3:00PM","33.9","8.47","40%","+0.2%"
"*068lx*","Dango Ouattara","BRF","M","145","BMB","MUN Sat 12:30PM","33.76","8.44","91%","-2.7%"
"*05748*","Ismaila Sarr","CRY","M","146","CUM","LIV Sat 3:00PM","33.55","11.18","96%","+0.1%"
"*02lp9*","Kyle Walker","BUR","D","147","FA","@MCI Sat 3:00PM","33.5","6.7","13%","-1.1%"
"*04ml6*","Konstantinos Mavropanos","WHU","D","148","joester1","@EVE Mon 8:00PM","33.4","11.13","2%","+0.4%"
"*04tm0*","Lucas Digne","AVL","D","149","FPLL","FUL Sun 2:00PM","33.37","6.67","56%","+4.2%"
"*06fx0*","Altay Bayindir","MUN","G","150","FA","@BRF Sat 12:30PM","33.25","6.65","7%","-2.8%"
"*04y92*","Bukayo Saka","ARS","M","151","feeneya","@NEW Sun 4:30PM","33.24","11.08","100%","-0.2%"
"*06y59*","Noah Sadiki","SUN","M","152","FA","@NOT Sat 5:30PM","32.77","6.55","3%","+1%"
"*06cmu*","Bart Verbruggen","BHA","G","153","feeneya","@CHE Sat 3:00PM","32.75","6.55","12%","-1.7%"
"*062a9*","Sven Botman","NEW","D","154","FA","ARS Sun 4:30PM","32.66","10.89","13%","+0.9%"
"*0554g*","Calvin Bassey","FUL","D","155","Fsail93","@AVL Sun 2:00PM","32.25","6.45","7%","+1.2%"
"*049tq*","Dominic Calvert-Lewin","LEE","F","156","Dank95","BOU Sat 3:00PM","32.05","10.68","23%","+9.7%"
"*06fvn*","Beto","EVE","F","157","Dank95","WHU Mon 8:00PM","31.85","6.37","63%","-5.4%"
"*045ob*","Caoimhin Kelleher","BRF","G","158","Rozza08","MUN Sat 12:30PM","31.75","6.35","57%","-4.1%"
"*05uht*","Morgan Rogers","AVL","M","159","FPLL","FUL Sun 2:00PM","31.42","6.28","98%","-0.5%"
"*05gcs*","Sander Berge","FUL","M","160","FA","@AVL Sun 2:00PM","31.41","6.28","2%","+0.2%"
"*05ylj*","Bruno Guimaraes","NEW","M","161","Ekitiki","ARS Sun 4:30PM","31.4","7.85","94%","-3.4%"
"*02lz0*","Emiliano Martinez","AVL","G","162","joester1","FUL Sun 2:00PM","31.15","10.38","47%","+8.6%"
"*06mw0*","Nikola Milenkovic","NOT","D","163","feeneya","SUN Sat 5:30PM","30.9","6.18","76%","-6.9%"
"*067yz*","Matheus Cunha","MUN","F","164","FPLL","@BRF Sat 12:30PM","30.9","7.72","100%","0%"
"*05ye7*","Oscar Bobb","MCI","M","165","CTM","BUR Sat 3:00PM","30.62","7.66","56%","-14.1%"
"*06mn8*","Rodrigo Gomes","WOL","M","166","FA","@TOT Sat 8:00PM","30.43","7.61","10%","+6.8%"
"*06v0p*","Enzo Le Fee","SUN","M","167","FA","@NOT Sat 5:30PM","30.27","7.57","38%","+4%"
"*0689w*","Georginio Rutter","BHA","F","168","joester1","@CHE Sat 3:00PM","30.07","7.52","80%","-4.1%"
"*04f6o*","Will Hughes","CRY","M","169","FA","LIV Sat 3:00PM","29.91","5.98","4%","+0.3%"
"*04abb*","Phil Foden","MCI","M","170","Ekitiki","BUR Sat 3:00PM","29.74","9.91","100%","+1.5%"
"*04qfq*","Matt ORiley","BHA","M","171","FA","@CHE Sat 3:00PM","29.64","14.82","28%","-7.3%"
"*02lk5*","Jordan Henderson","BRF","M","172","FA","MUN Sat 12:30PM","29.59","5.92","4%","+1.9%"
"*06mga*","Mads Hermansen","WHU","G","173","EDL4EFL","@EVE Mon 8:00PM","28.95","7.24","5%","-0.6%"
"*03r8x*","Callum Wilson","WHU","F","174","FA","@EVE Mon 8:00PM","28.76","5.75","29%","+4.4%"
"*03pif*","Karl Darlow","LEE","G","175","CUM","BOU Sat 3:00PM","28.35","14.18","2%","+1%"
"*06rma*","Marshall Munetsi","WOL","M","176","FA","@TOT Sat 8:00PM","28.31","5.66","17%","-4%"
"*0522h*","Alexis Mac Allister","LIV","M","177","Rozza08","@CRY Sat 3:00PM","27.92","6.98","98%","-0.6%"
"*0642l*","Casemiro","MUN","M","178","FA","@BRF Sat 12:30PM","27.87","5.57","8%","-0.5%"
"*05ocl*","Ollie Watkins","AVL","F","179","ojag7","FUL Sun 2:00PM","27.69","5.54","100%","-0.2%"
"*02oq6*","Luke Shaw","MUN","D","180","FA","@BRF Sat 12:30PM","27.6","5.52","9%","-1.7%"
"*061va*","Boubacar Kamara","AVL","M","181","joester1","FUL Sun 2:00PM","27.52","9.17","6%","+0.4%"
"*02yl5*","John Stones","MCI","D","182","Ekitiki","BUR Sat 3:00PM","27.26","6.82","23%","-4.3%"
"*06ybq*","Chemsdine Talbi","SUN","F","183","FA","@NOT Sat 5:30PM","27.26","5.45","11%","+0.4%"
"*05oh0*","Jan-Paul van Hecke","BHA","D","184","EDL4EFL","@CHE Sat 3:00PM","27.25","5.45","21%","-2.1%"
"*0626q*","Simon Adingra","SUN","M","185","FA","@NOT Sat 5:30PM","27.18","6.79","51%","-5.2%"
"*04lav*","Ethan Ampadu","LEE","D","186","FA","BOU Sat 3:00PM","27.14","9.05","3%","+0.7%"
"*05os4*","Rayan Ait-Nouri","MCI","D","187","FPLL","BUR Sat 3:00PM","27.09","9.03","93%","-3.8%"
"*06y29*","Habib Diarra","SUN","M","188","FA","@NOT Sat 5:30PM","27.05","6.76","5%","-0.9%"
"*03zsq*","Kyle Walker-Peters","WHU","D","189","FA","@EVE Mon 8:00PM","26.95","6.74","8%","-0.3%"
"*062p3*","Keane Lewis-Potter","BRF","M","190","feeneya","MUN Sat 12:30PM","26.79","5.36","13%","-1.1%"
"*061vb*","James Hill","BOU","D","191","FA","@LEE Sat 3:00PM","26.44","5.29","2%","-0.9%"
"*04yo7*","Youri Tielemans","AVL","M","192","FA","FUL Sun 2:00PM","26.4","6.6","83%","-10.9%"
"*06r9w*","Abdukodir Khusanov","MCI","D","193","CTM","BUR Sat 3:00PM","26.29","6.57","21%","+10%"
"*06yxe*","Estevao Willian Almeida de Oliveira Goncalves","CHE","F","194","ojag7","BHA Sat 3:00PM","25.98","6.5","79%","+1.8%"
"*0524k*","Rodri","MCI","M","195","Ekitiki","BUR Sat 3:00PM","25.95","6.49","93%","-2.8%"
"*06rm7*","Nico Gonzalez","MCI","M","196","FA","BUR Sat 3:00PM","25.55","6.39","13%","-3.1%"
"*04ug0*","Sean Longstaff","LEE","M","197","FA","BOU Sat 3:00PM","25.05","5.01","3%","-0.1%"
"*070cj*","Noah Okafor","LEE","F","198","FA","BOU Sat 3:00PM","24.85","8.28","7%","-0.3%"
"*04qfz*","Diogo Dalot","MUN","D","199","FA","@BRF Sat 12:30PM","24.84","8.28","34%","-3.6%"
"*05rl4*","Crysencio Summerville","WHU","M","200","FA","@EVE Mon 8:00PM","24.78","8.26","38%","+1.7%"
"*03dyx*","Josh Laurent","BUR","M","201","FA","@MCI Sat 3:00PM","24.67","4.93","1%","-0.1%"
"*06rf9*","Omar Marmoush","MCI","F","202","BukAke","BUR Sat 3:00PM","24.51","8.17","98%","-0.4%"
"*03gu4*","Harry Maguire","MUN","D","203","FA","@BRF Sat 12:30PM","24.33","6.08","10%","+1%"
"*05l8q*","Cole Palmer","CHE","M","204","BMB","BHA Sat 3:00PM","24.01","8","100%","0%"
"*052h5*","Gabriel Martinelli","ARS","M","205","FPLL","@NEW Sun 4:30PM","23.86","5.96","70%","-5.3%"
"*06zbm*","Cristhian Mosquera","ARS","D","206","FA","@NEW Sun 4:30PM","23.77","5.94","20%","-6.7%"
"*052ca*","Ezri Konsa","AVL","D","207","Fsail93","FUL Sun 2:00PM","23.6","5.9","27%","+2.8%"
"*061vp*","Brenden Aaronson","LEE","M","208","FA","BOU Sat 3:00PM","23.5","4.7","10%","+3%"
"*05ylw*","Rodrigo Bentancur","TOT","M","209","FA","WOL Sat 8:00PM","23.38","5.85","9%","-1.1%"
"*05t6z*","Tim Iroegbunam","EVE","M","210","FA","WHU Mon 8:00PM","23.36","5.84","1%","-0.2%"
"*06v0s*","Eliezer Mayenda","SUN","F","211","FA","@NOT Sat 5:30PM","23.35","5.84","32%","-4.9%"
"*04ym7*","Lucas Perri","LEE","G","212","W <small>(Fri)</small>","BOU Sat 3:00PM","23.15","7.72","6%","-0.5%"
"*06ex4*","Josko Gvardiol","MCI","D","213","Rozza08","BUR Sat 3:00PM","23.1","11.55","97%","+0.4%"
"*06p4j*","Noussair Mazraoui","MUN","D","214","FA","@BRF Sat 12:30PM","23.06","7.69","39%","-2.1%"
"*062x7*","Rico Lewis","MCI","D","215","FA","BUR Sat 3:00PM","22.73","7.58","32%","-7%"
"*06fxu*","Ibrahim Sangare","NOT","M","216","FA","SUN Sat 5:30PM","22.5","4.5","4%","-1.1%"
"*04abn*","Harvey Barnes","NEW","M","217","Dank95","ARS Sun 4:30PM","21.84","4.37","79%","-10.7%"
"*070hs*","Gianluigi Donnarumma","MCI","G","218","Ekitiki","BUR Sat 3:00PM","21.6","10.8","78%","+6.5%"
"*03frx*","Ola Aina","NOT","D","219","FA","SUN Sat 5:30PM","21.45","7.15","33%","-11.2%"
"*06fwz*","Murillo","NOT","D","220","CUM","SUN Sat 5:30PM","21.37","5.34","65%","-6.4%"
"*070g7*","Nick Woltemade","NEW","F","221","W <small>(Fri)</small>","ARS Sun 4:30PM","21.34","10.67","82%","+2.8%"
"*06fwi*","Carlos Baleba","BHA","M","222","FA","@CHE Sat 3:00PM","21.1","4.22","36%","-3.4%"
"*04hk9*","Mikel Merino","ARS","M","223","FA","@NEW Sun 4:30PM","21.02","5.25","36%","+1.7%"
"*05gcp*","Tomas Soucek","WHU","M","224","FA","@EVE Mon 8:00PM","20.87","5.22","19%","-4.1%"
"*04o82*","Curtis Jones","LIV","M","225","FA","@CRY Sat 3:00PM","20.79","5.2","6%","-0.6%"
"*05w91*","Hwang Hee-Chan","WOL","F","226","FA","@TOT Sat 8:00PM","20.57","5.14","11%","-2.4%"
"*05t6x*","William Osula","NEW","F","227","FA","ARS Sun 4:30PM","20.56","4.11","10%","-3.7%"
"*05mxa*","Joel Veltman","BHA","D","228","FA","@CHE Sat 3:00PM","20.55","6.85","1%","+0.3%"
"*06jh3*","Joshua King","FUL","M","229","CTM","@AVL Sun 2:00PM","20.54","4.11","14%","-7.4%"
"*06y27*","Loum Tchaouna","BUR","F","230","FA","@MCI Sat 3:00PM","20.43","4.09","7%","+0.2%"
"*06pe1*","Mateus Goncalo Espanha Fernandes","WHU","M","231","FA","@EVE Mon 8:00PM","20.21","6.74","32%","-1.8%"
"*06kwp*","Josh Acheampong","CHE","D","232","FA","BHA Sat 3:00PM","20.05","20.05","7%","-1.8%"
"*052cd*","Mason Mount","MUN","M","233","FA","@BRF Sat 12:30PM","19.94","4.98","25%","-3.3%"
"*067x8*","Nico OReilly","MCI","M","234","FA","BUR Sat 3:00PM","19.59","4.9","13%","+1.8%"
"*06p5s*","Brajan Gruda","BHA","M","235","FA","@CHE Sat 3:00PM","19.53","3.91","31%","+4%"
"*06mow*","Jorgen Strand Larsen","WOL","F","236","ojag7","@TOT Sat 8:00PM","19.31","6.44","88%","-1.3%"
"*02lv9*","James Milner","BHA","M","237","FA","@CHE Sat 3:00PM","19.09","4.77","1%","-0.6%"
"*06clz*","Malo Gusto","CHE","D","238","FA","BHA Sat 3:00PM","19.03","4.76","29%","-4.1%"
"*0520r*","Leandro Trossard","ARS","M","239","Rozza08","@NEW Sun 4:30PM","18.9","6.3","40%","+9.9%"
"*06dwm*","Jacob Bruun Larsen","BUR","F","240","FA","@MCI Sat 3:00PM","18.82","6.27","3%","-0.2%"
"*051kl*","Emiliano Buendia","AVL","M","241","FA","FUL Sun 2:00PM","18.62","4.66","16%","+4.6%"
"*063hu*","Amadou Onana","AVL","M","242","CTM","FUL Sun 2:00PM","18.56","9.28","10%","-0.7%"
"*06zce*","Jhon Arias","WOL","M","243","FA","@TOT Sat 8:00PM","18.45","3.69","24%","-5.2%"
"*04lnu*","Lukas Nmecha","LEE","F","244","FA","BOU Sat 3:00PM","18.43","3.69","9%","-1.1%"
"*070bg*","Jackson Tchatchoua","WOL","D","245","FA","@TOT Sat 8:00PM","18.33","4.58","5%","+2.2%"
"*06mpp*","Mats Wieffer","BHA","M","246","FA","@CHE Sat 3:00PM","18.31","6.1","33%","-3.1%"
"*070fa*","Xavi Simons","TOT","M","247","BMB","WOL Sat 8:00PM","17.76","8.88","83%","+0.7%"
"*0700p*","Malick Thiaw","NEW","D","248","FA","ARS Sun 4:30PM","17.57","8.79","6%","+2.2%"
"*05r9b*","Martin Odegaard","ARS","M","249","Fsail93","@NEW Sun 4:30PM","17.41","4.35","99%","-0.5%"
"*05y9n*","Lewis Hall","NEW","D","250","CTM","ARS Sun 4:30PM","17.37","5.79","75%","-0.6%"
"*06v07*","Rayan Cherki","MCI","M","251","FA","BUR Sat 3:00PM","17.3","8.65","80%","-2.2%"
"*05tr9*","Mathias Jensen","BRF","M","252","FA","MUN Sat 12:30PM","17.22","5.74","1%","-0.1%"
"*06y9m*","Maxim De Cuyper","BHA","D","253","FA","@CHE Sat 3:00PM","17.18","4.29","46%","-12.6%"
"*070f4*","Ladislav Krejci","WOL","D","254","FA","@TOT Sat 8:00PM","17.15","8.57","1%","+0.2%"
"*06fxv*","Jean-Ricner Bellegarde","WOL","M","255","FA","@TOT Sat 8:00PM","16.9","3.38","18%","-0.4%"
"*06v01*","Ilia Gruev","LEE","M","256","FA","BOU Sat 3:00PM","16.86","4.21","1%","-0.1%"
"*06o2t*","Niclas Fullkrug","WHU","F","257","W <small>(Fri)</small>","@EVE Mon 8:00PM","16.76","4.19","32%","-5.2%"
"*06pic*","Andre","WOL","M","258","FA","@TOT Sat 8:00PM","16.72","3.34","3%","-0.2%"
"*0554i*","Joelinton","NEW","M","259","FPLL","ARS Sun 4:30PM","16.57","5.52","49%","-4.6%"
"*06pib*","Manuel Ugarte","MUN","M","260","FA","@BRF Sat 12:30PM","16.55","4.14","5%","-1.7%"
"*04e1e*","Ben White","ARS","D","261","FA","@NEW Sun 4:30PM","16.3","16.3","58%","-5.7%"
"*02lp5*","Adam Smith","BOU","D","262","FA","@LEE Sat 3:00PM","16.25","5.42","2%","0%"
"*05ogb*","Anthony Elanga","NEW","F","263","joester1","ARS Sun 4:30PM","16.05","3.21","91%","-5.2%"
"*070hd*","Tolu Arokodare","WOL","F","264","FA","@TOT Sat 8:00PM","16","8","14%","+1.6%"
"*070f9*","Yeremy Pino","CRY","M","265","ojag7","LIV Sat 3:00PM","15.97","5.32","62%","+0.4%"
"*06eo0*","Lesley Ugochukwu","BUR","M","266","FA","@MCI Sat 3:00PM","15.96","3.99","1%","-0.3%"
"*05udg*","Jose Sa","WOL","G","267","FA","@TOT Sat 8:00PM","15.95","3.99","17%","-1%"
"*03yr0*","Daniel James","LEE","M","268","FA","BOU Sat 3:00PM","15.79","3.95","32%","-6.4%"
"*06v05*","Jeremie Frimpong","LIV","D","269","BukAke","@CRY Sat 3:00PM","15.72","7.86","99%","+0.2%"
"*06ymt*","Marco Bizot","AVL","G","270","FA","FUL Sun 2:00PM","15.6","7.8","5%","-1.8%"
"*06r5b*","Diego Gomez","BHA","M","271","FA","@CHE Sat 3:00PM","15.53","3.88","1%","-0.3%"
"*05ojf*","Fabio Carvalho","BRF","M","272","FA","MUN Sat 12:30PM","15.38","3.84","8%","+0.1%"
"*064a0*","Wilfried Gnonto","LEE","F","273","FA","BOU Sat 3:00PM","15.22","3.81","24%","-4.1%"
"*070ha*","Florentino Ibrain Morris Luis","BUR","M","274","FA","@MCI Sat 3:00PM","15.12","7.56","2%","+0.4%"
"*05ue7*","Frank Onyeka","BRF","M","275","FA","MUN Sat 12:30PM","15.1","5.03","0%","0%"
"*04sat*","Emile Smith Rowe","FUL","M","276","feeneya","@AVL Sun 2:00PM","14.74","2.95","31%","-3.3%"
"*04tzt*","Jefferson Lerma","CRY","M","277","FA","LIV Sat 3:00PM","14.71","2.94","1%","-0.5%"
"*05yg5*","Toti","WOL","D","278","FA","@TOT Sat 8:00PM","14.58","2.92","4%","+0.4%"
"*05r4h*","Lamare Bogarde","AVL","D","279","FA","FUL Sun 2:00PM","14.43","3.61","1%","0%"
"*06y9n*","Jamie Gittens","CHE","F","280","FA","BHA Sat 3:00PM","14.29","3.57","50%","-12.7%"
"*06v12*","Fer Lopez","WOL","F","281","FA","@TOT Sat 8:00PM","14.2","3.55","7%","+2.3%"
"*05t6y*","Hannibal Mejbri","BUR","M","282","FA","@MCI Sat 3:00PM","14.14","2.83","2%","-0.2%"
"*06zqk*","David Moller Wolfe","WOL","D","283","FA","@TOT Sat 8:00PM","14","4.67","3%","-0.5%"
"*070ci*","Amine Adli","BOU","F","284","FA","@LEE Sat 3:00PM","13.73","3.43","13%","-4.1%"
"*03gu5*","Andrew Robertson","LIV","D","285","Fsail93","@CRY Sat 3:00PM","13.62","6.81","24%","+12.5%"
"*063zi*","Matheus Nunes","MCI","D","286","Rozza08","BUR Sat 3:00PM","13.56","4.52","40%","-9.6%"
"*05uel*","Kristoffer Ajer","BRF","D","287","FA","MUN Sat 12:30PM","13.42","4.47","0%","0%"
"*06kx1*","Justin Devenny","CRY","M","288","FA","LIV Sat 3:00PM","13.35","2.67","1%","-0.5%"
"*06fwx*","Santiago Bueno","WOL","D","289","FA","@TOT Sat 8:00PM","13.13","6.57","1%","+0.2%"
"*06zxy*","Benjamin Sesko","MUN","F","290","Ekitiki","@BRF Sat 12:30PM","13.11","2.62","83%","-0.9%"
"*06r2g*","Rio Ngumoha","LIV","F","291","FA","@CRY Sat 3:00PM","12.96","6.48","8%","-0.5%"
"*06ab3*","Lewis Miley","NEW","M","292","FA","ARS Sun 4:30PM","12.85","3.21","2%","+1.2%"
"*06phw*","Federico Chiesa","LIV","F","293","FA","@CRY Sat 3:00PM","12.63","3.16","10%","-1.1%"
"*05opl*","Wesley Fofana","CHE","D","294","FA","BHA Sat 3:00PM","12.58","4.19","10%","-0.6%"
"*04mdn*","Anthony Gordon","NEW","M","295","ojag7","ARS Sun 4:30PM","12.5","6.25","99%","0%"
"*043c1*","Oleksandr Zinchenko","NOT","D","296","CUM","SUN Sat 5:30PM","11.95","11.95","22%","+12.7%"
"*06zwj*","Evann Guessand","AVL","F","297","FA","FUL Sun 2:00PM","11.54","2.89","15%","+3.3%"
"*04ge6*","Joe Willock","NEW","M","298","FA","ARS Sun 4:30PM","11.45","5.72","3%","+2.1%"
"*02xtd*","Sam Johnstone","WOL","G","299","FA","@TOT Sat 8:00PM","11.05","11.05","1%","+0.1%"
"*05uhj*","Conor Bradley","LIV","D","300","FA","@CRY Sat 3:00PM","10.88","3.63","58%","+13.3%"
"*06uzy*","Ao Tanaka","LEE","M","301","FA","BOU Sat 3:00PM","10.82","3.61","5%","-0.3%"
"*06ybp*","Thierno Barry","EVE","F","302","Ekitiki","WHU Mon 8:00PM","10.78","2.16","29%","-2.6%"
"*05o4c*","Timothy Castagne","FUL","D","303","FA","@AVL Sun 2:00PM","10.67","3.56","1%","-0.3%"
"*05ybq*","Vitalii Mykolenko","EVE","D","304","Fsail93","WHU Mon 8:00PM","10.65","5.33","58%","-2.4%"
"*06zbp*","Max Dowman","ARS","M","305","FA","@NEW Sun 4:30PM","10.54","5.27","4%","-1.3%"
"*06fhy*","Wilson Odobert","TOT","F","306","FA","WOL Sat 8:00PM","10.41","2.08","11%","+7.9%"
"*04spp*","Douglas Luiz","NOT","M","307","joester1","SUN Sat 5:30PM","10.4","10.4","26%","-2%"
"*052cb*","Ian Maatsen","AVL","D","308","FA","FUL Sun 2:00PM","10.25","3.42","33%","-4.2%"
"*06phe*","Ferdi Kadioglu","BHA","D","309","FA","@CHE Sat 3:00PM","10.01","2.5","8%","+3.7%"
"*070h9*","Veljko Milosavljevic","BOU","D","310","FA","@LEE Sat 3:00PM","9.95","9.95","2%","-0.4%"
"*070hn*","Dilane Bakwa","NOT","F","311","FA","SUN Sat 5:30PM","9.64","4.82","15%","+9.7%"
"*063y7*","Destiny Udogie","TOT","D","312","joester1","WOL Sat 8:00PM","9.32","3.11","40%","+7.6%"
"*0687c*","Carlos Alcaraz","EVE","M","313","FA","WHU Mon 8:00PM","9.3","2.33","35%","-4.9%"
"*05ts6*","Yerson Mosquera","WOL","D","314","FA","@TOT Sat 8:00PM","9.22","4.61","2%","+0.3%"
"*06v0f*","Jenson Seelt","SUN","D","315","FA","@NOT Sat 5:30PM","8.91","4.46","0%","0%"
"*067ys*","Jack Hinshelwood","BHA","M","316","FA","@CHE Sat 3:00PM","8.64","2.88","7%","-2.8%"
"*04ge7*","Donyell Malen","AVL","F","317","FA","FUL Sun 2:00PM","8.62","1.72","18%","-3.8%"
"*06nyw*","Jorge Cuenca","FUL","D","318","FA","@AVL Sun 2:00PM","8.47","4.23","0%","0%"
"*02lnx*","Danny Welbeck","BHA","F","319","FA","@CHE Sat 3:00PM","8.42","1.68","36%","-6%"
"*068a0*","Andrey Santos","CHE","M","320","FA","BHA Sat 3:00PM","8.35","2.09","1%","-0.2%"
"*02m11*","Matt Doherty","WOL","D","321","FA","@TOT Sat 8:00PM","8.35","4.17","1%","0%"
"*04yjx*","Ki-Jana Hoever","WOL","D","322","FA","@TOT Sat 8:00PM","8.17","4.08","2%","-0.3%"
"*04spq*","Jack Harrison","LEE","M","323","FA","BOU Sat 3:00PM","8.12","2.03","4%","-0.3%"
"*05oig*","Liam Delap","CHE","F","324","FA","BHA Sat 3:00PM","8.07","2.69","53%","-3.8%"
"*04adp*","Aaron Wan-Bissaka","WHU","D","325","FA","@EVE Mon 8:00PM","7.9","3.95","61%","-7.2%"
"*051k3*","Jacob Ramsey","NEW","M","326","FA","ARS Sun 4:30PM","7.86","3.93","13%","-3%"
"*05y7c*","Archie Gray","TOT","M","327","FA","WOL Sat 8:00PM","7.82","3.91","2%","-0.2%"
"*065ao*","Ethan Nwaneri","ARS","M","328","FA","@NEW Sun 4:30PM","7.71","2.57","24%","+0.1%"
"*068yr*","Hamed Traore","BOU","M","329","FA","@LEE Sat 3:00PM","7.47","7.47","1%","-0.2%"
"*0666p*","Kobbie Mainoo","MUN","M","330","FA","@BRF Sat 12:30PM","7.43","2.48","9%","-0.5%"
"*061ve*","Ryan Christie","BOU","M","331","FA","@LEE Sat 3:00PM","7.17","2.39","18%","-1.7%"
"*06fso*","Wataru Endo","LIV","M","332","FA","@CRY Sat 3:00PM","7.04","2.35","1%","-0.4%"
"*06v02*","Joel Piroe","LEE","F","333","feeneya","BOU Sat 3:00PM","6.68","3.34","23%","-2.2%"
"*06crm*","Pau Torres","AVL","D","334","FA","FUL Sun 2:00PM","6.6","3.3","4%","-0.3%"
"*05tr1*","Ethan Pinnock","BRF","D","335","FA","MUN Sat 12:30PM","6.35","3.18","4%","0%"
"*070hj*","Kevin Santos Lopes de Macedo","FUL","F","336","EDL4EFL","@AVL Sun 2:00PM","6.35","3.18","54%","+16.5%"
"*06pig*","Morato","NOT","D","337","FA","SUN Sat 5:30PM","6.35","3.17","1%","+0.2%"
"*061xw*","Joe Worrall","BUR","D","338","FA","@MCI Sat 3:00PM","6.32","2.11","0%","0%"
"*05oef*","Alphonse Areola","WHU","G","339","FA","@EVE Mon 8:00PM","6.3","6.3","7%","+0.1%"
"*06mve*","Joshua Zirkzee","MUN","F","340","FA","@BRF Sat 12:30PM","6.24","3.12","7%","-1.8%"
"*061y6*","Ryan Yates","NOT","M","341","FA","SUN Sat 5:30PM","5.98","1.99","1%","0%"
"*06uzl*","Oliver Sonne","BUR","D","342","FA","@MCI Sat 3:00PM","5.92","1.97","0%","0%"
"*06clt*","Justin Kluivert","BOU","M","343","feeneya","@LEE Sat 3:00PM","5.91","1.48","89%","-2.7%"
"*04qrc*","Raul Jimenez","FUL","F","344","FA","@AVL Sun 2:00PM","5.81","1.16","45%","-6.6%"
"*03r93*","Joseph Gomez","LIV","D","345","FA","@CRY Sat 3:00PM","5.56","2.78","1%","-0.4%"
"*06y9o*","Igor Jesus Maciel da Cruz","NOT","F","346","ojag7","SUN Sat 5:30PM","5.51","1.38","5%","+1.3%"
"*03rzp*","Antonee Robinson","FUL","D","348","BMB","@AVL Sun 2:00PM","5.15","2.58","93%","-3.2%"
"*05tqz*","Rico Henry","BRF","D","347","FA","MUN Sat 12:30PM","5.15","1.03","1%","-0.2%"
"*02y6o*","Nathan Ake","MCI","D","349","FA","BUR Sat 3:00PM","5.03","1.68","3%","-0.5%"
"*05uhs*","James Mcatee","NOT","M","350","FA","SUN Sat 5:30PM","5","1.67","13%","-4.7%"
"*03fgo*","Dominic Solanke","TOT","F","351","Ekitiki","WOL Sat 8:00PM","4.85","2.42","84%","-1.1%"
"*06v0l*","Chris Rigg","SUN","M","352","FA","@NOT Sat 5:30PM","4.66","1.55","1%","+0.2%"
"*06rm8*","Mathys Tel","TOT","F","353","FA","WOL Sat 8:00PM","4.42","1.47","32%","-13.7%"
"*06kyx*","Andy Irving","WHU","M","354","FA","@EVE Mon 8:00PM","4.36","1.45","0%","0%"
"*0620k*","Nayef Aguerd","WHU","D","355","FA","@EVE Mon 8:00PM","4.35","2.17","1%","0%"
"*06l4i*","Tyrique George","CHE","F","356","FA","BHA Sat 3:00PM","4.22","1.41","1%","-0.3%"
"*070g8*","Nicolo Savona","NOT","D","357","FA","SUN Sat 5:30PM","4.19","4.19","1%","-0.2%"
"*06nv3*","Filip Jorgensen","CHE","G","358","FA","BHA Sat 3:00PM","3.91","3.91","1%","+0.1%"
"*06y4g*","Antoni Milambo","BRF","M","359","FA","MUN Sat 12:30PM","3.9","3.9","1%","0%"
"*0703h*","Arnaud Kalimuendo","NOT","F","360","FA","SUN Sat 5:30PM","3.89","0.97","4%","-1.9%"
"*070hi*","Merlin Rohl","EVE","M","361","FA","WHU Mon 8:00PM","3.86","3.86","1%","0%"
"*06mvz*","Savio","MCI","M","363","FA","BUR Sat 3:00PM","3.78","1.89","78%","-2.5%"
"*070g9*","Soungoutou Magassa","WHU","M","362","FA","@EVE Mon 8:00PM","3.78","1.89","1%","+0.1%"
"*06onx*","Jean-Clair Todibo","WHU","D","364","FA","@EVE Mon 8:00PM","3.77","1.89","1%","-0.2%"
"*067yu*","Facundo Buonanotte","CHE","M","365","FA","BHA Sat 3:00PM","3.7","3.7","5%","-13.6%"
"*070ho*","Lutsharel Geertruida","SUN","D","366","FA","@NOT Sat 5:30PM","3.26","1.63","1%","-0.4%"
"*03u2b*","Adama Traore","FUL","F","367","FA","@AVL Sun 2:00PM","3.06","1.02","12%","-0.9%"
"*06uyd*","Diego Coppola","BHA","D","368","FA","@CHE Sat 3:00PM","3.05","1.52","1%","0%"
"*06oav*","Guido Rodriguez","WHU","M","369","FA","@EVE Mon 8:00PM","2.9","2.9","0%","0%"
"*066sd*","Myles Lewis-Skelly","ARS","D","370","FA","@NEW Sun 4:30PM","2.55","0.85","43%","-6.9%"
"*05o6h*","Kai Havertz","ARS","F","371","FA","@NEW Sun 4:30PM","2.35","2.35","59%","-0.8%"
"*04xjr*","Harvey Elliott","AVL","M","372","ojag7","FUL Sun 2:00PM","2.25","0.75","59%","-3%"
"*070gu*","Alex Jimenez","BOU","D","373","FA","@LEE Sat 3:00PM","2.19","1.09","4%","+1.1%"
"*070hh*","Christantus Uche","CRY","M","374","FA","LIV Sat 3:00PM","2.1","2.1","8%","-3.2%"
"*06r9h*","Romain Esse","CRY","M","375","FA","LIV Sat 3:00PM","1.98","1.98","3%","-0.3%"
"*04ge9*","Eddie Nketiah","CRY","F","376","FA","LIV Sat 3:00PM","1.93","1.93","4%","0%"
"*06uzo*","Zian Flemming","BUR","M","377","FA","@MCI Sat 3:00PM","1.86","0.62","1%","-0.1%"
"*04p0d*","Dwight McNeil","EVE","M","378","FA","WHU Mon 8:00PM","1.78","1.78","41%","-7%"
"*06492*","Sasa Kalajdzic","WOL","F","379","FA","@TOT Sat 8:00PM","1.76","1.76","0%","0%"
"*057cr*","Kevin Danso","TOT","D","380","FA","WOL Sat 8:00PM","1.7","0.85","1%","0%"
"*060wh*","Alejandro Garnacho","CHE","M","381","W <small>(Fri)</small>","BHA Sat 3:00PM","1.6","1.6","61%","+0.6%"
"*03brm*","Patrick Roberts","SUN","M","382","FA","@NOT Sat 5:30PM","1.54","1.54","0%","0%"
"*06nvg*","Jota Silva","NOT","F","383","FA","SUN Sat 5:30PM","1.47","1.47","3%","-0.1%"
"*0646f*","Alexander Isak","LIV","F","384","FPLL","@CRY Sat 3:00PM","1.44","1.44","100%","-0.1%"
"*06kqy*","Ayden Heaven","MUN","D","386","FA","@BRF Sat 12:30PM","1.31","1.31","1%","0%"
"*02t1k*","Nathaniel Clyne","CRY","D","385","FA","LIV Sat 3:00PM","1.31","1.31","0%","0%"
"*070hc*","Brian Brobbey","SUN","F","387","FA","@NOT Sat 5:30PM","1.15","1.15","12%","-2.8%"
"*05w9q*","Odsonne Edouard","CRY","F","388","FA","LIV Sat 3:00PM","1.04","1.04","0%","0%"
"*06v0j*","Dan Neil","SUN","M","389","FA","@NOT Sat 5:30PM","1.02","1.02","0%","0%"
"*06mnm*","Marc Guiu","CHE","F","390","FA","BHA Sat 3:00PM","0.99","0.49","6%","-1.9%"
"*0521z*","James Justin","LEE","D","391","FA","BOU Sat 3:00PM","0.8","0.4","1%","-0.2%"
"*05gvx*","Armando Broja","BUR","F","392","FA","@MCI Sat 3:00PM","0.77","0.77","3%","-0.3%"
"*05y5b*","Freddie Potts","WHU","M","393","FA","@EVE Mon 8:00PM","0.65","0.65","0%","0%"
"*062og*","Aaron Hickey","BRF","D","394","FA","MUN Sat 12:30PM","0.63","0.21","1%","0%"
"*03pig*","Jamaal Lascelles","NEW","D","395","FA","ARS Sun 4:30PM","0.6","0.6","0%","0%"
"*06mgp*","Luis Guilherme","WHU","M","396","FA","@EVE Mon 8:00PM","0.53","0.27","1%","0%"
"*05tre*","Vitaly Janelt","BRF","M","398","FA","MUN Sat 12:30PM","0.3","0.3","1%","0%"
"*06r7l*","Bradley Burrowes","AVL","M","397","FA","FUL Sun 2:00PM","0.3","0.3","0%","0%"
"*06xza*","Eli Kroupi","BOU","F","399","FA","@LEE Sat 3:00PM","0.22","0.07","1%","0%"
"*05ubv*","Omari Hutchinson","NOT","F","400","FA","SUN Sat 5:30PM","0.18","0.09","5%","-1.9%"
"*045yy*","Arthur Masuaku","SUN","D","401","FA","@NOT Sat 5:30PM","0.18","0.18","0%","0%"
"*04gw7*","Jadon Sancho","AVL","M","403","Fsail93","FUL Sun 2:00PM","0.14","0.14","37%","-6.6%"
"*03ysd*","Sam Byram","LEE","D","402","FA","BOU Sat 3:00PM","0.14","0.14","0%","0%"
"*04fk8*","Victor Lindelof","AVL","D","404","FA","FUL Sun 2:00PM","0.12","0.12","1%","-0.1%"
"*06qwh*","Ben Winterburn","BOU","M","405","FA","@LEE Sat 3:00PM","0.12","0.12","0%","0%"
"*044w8*","Marcus Edwards","BUR","F","406","FA","@MCI Sat 3:00PM","0.1","0.1","7%","-0.4%"
"*06195*","Tyler Dibling","EVE","M","407","FA","WHU Mon 8:00PM","0.06","0.06","13%","-5.1%"
"*06onv*","Harrison Armstrong","EVE","M","408","FA","WHU Mon 8:00PM","0.02","0.02","0%","0%"
"*06r7f*","Julio Soler","BOU","D","410","FA","@LEE Sat 3:00PM","0.02","0.02","0%","0%"
"*02lpl*","Seamus Coleman","EVE","D","409","FA","WHU Mon 8:00PM","0.02","0.02","0%","0%"
"*05uor*","Yoane Wissa","NEW","F","684","FPLL","ARS Sun 4:30PM","0","0","97%","-1.9%"
"*070hp*","Randal Kolo Muani","TOT","F","541","Fsail93","WOL Sat 8:00PM","0","0","67%","-2.4%"
"*05ylx*","Dejan Kulusevski","TOT","M","547","FA","WOL Sat 8:00PM","0","0","45%","-1.1%"
"*05l27*","Jarrad Branthwaite","EVE","D","459","CUM","WHU Mon 8:00PM","0","0","37%","-1.9%"
"*0414o*","James Maddison","TOT","M","560","FA","WOL Sat 8:00PM","0","0","27%","-0.9%"
"*062p5*","Levi Colwill","CHE","D","476","FA","BHA Sat 3:00PM","0","0","16%","-0.2%"
"*04ge8*","Reiss Nelson","BRF","F","589","FA","MUN Sat 12:30PM","0","0","13%","-3.3%"
"*04fk5*","Ederson","MCI","G","637","FA","BUR Sat 3:00PM","0","0","13%","-1%"
"*070hq*","Piero Hincapie","ARS","D","523","FA","@NEW Sun 4:30PM","0","0","12%","-4%"
"*05tr8*","Christian Norgaard","ARS","M","592","FA","@NEW Sun 4:30PM","0","0","11%","-0.7%"
"*070hl*","Senne Lammens","MUN","G","551","Ekitiki","@BRF Sat 12:30PM","0","0","10%","-1.4%"
"*03jly*","Andreas Pereira","FUL","M","526","FA","@AVL Sun 2:00PM","0","0","8%","-0.6%"
"*070hk*","Samuel Chukwueze","FUL","F","473","FA","@AVL Sun 2:00PM","0","0","8%","-2%"
"*062pl*","Lisandro Martinez","MUN","D","569","FA","@BRF Sat 12:30PM","0","0","4%","-0.5%"
"*06dps*","Andre Onana","MUN","G","599","FA","@BRF Sat 12:30PM","0","0","4%","-0.9%"
"*06xzg*","Giorgi Mamardashvili","LIV","G","563","FA","@CRY Sat 3:00PM","0","0","4%","-0.1%"
"*04amh*","Aaron Ramsdale","NEW","G","624","FA","ARS Sun 4:30PM","0","0","4%","0%"
"*06exb*","Rasmus Hojlund","MUN","F","527","FA","@BRF Sat 12:30PM","0","0","4%","-0.6%"
"*06xzd*","Charalampos Kostoulas","BHA","F","543","FA","@CHE Sat 3:00PM","0","0","4%","0%"
"*045c8*","Gabriel Jesus","ARS","F","689","FA","@NEW Sun 4:30PM","0","0","4%","+0.3%"
"*04u40*","Kepa","ARS","G","427","FA","@NEW Sun 4:30PM","0","0","4%","-0.1%"
"*0649j*","Manuel Akanji","MCI","D","417","FA","BUR Sat 3:00PM","0","0","3%","-0.3%"
"*05mzt*","Illan Meslier","LEE","G","576","FA","BOU Sat 3:00PM","0","0","3%","-0.2%"
"*04u41*","Mateo Kovacic","MCI","M","544","FA","BUR Sat 3:00PM","0","0","3%","+0.3%"
"*066nn*","Ben Doak","BOU","F","488","FA","@LEE Sat 3:00PM","0","0","2%","-0.7%"
"*04e1k*","Solly March","BHA","M","566","FA","@CHE Sat 3:00PM","0","0","2%","+0.1%"
"*0435t*","Ilkay Gundogan","MCI","M","512","FA","BUR Sat 3:00PM","0","0","2%","-0.1%"
"*06329*","Manor Solomon","TOT","F","651","FA","WOL Sat 8:00PM","0","0","2%","-0.1%"
"*0701y*","Giovanni Leoni","LIV","D","555","FA","@CRY Sat 3:00PM","0","0","1%","-0.2%"
"*06yey*","Borna Sosa","CRY","D","652","FA","LIV Sat 3:00PM","0","0","1%","0%"
"*05unu*","Romeo Lavia","CHE","M","553","FA","BHA Sat 3:00PM","0","0","1%","-0.1%"
"*05uns*","Leon Bailey","AVL","M","435","FA","FUL Sun 2:00PM","0","0","1%","0%"
"*06v0m*","Luke ONien","SUN","M","596","FA","@NOT Sat 5:30PM","0","0","1%","0%"
"*04rzl*","Taiwo Awoniyi","NOT","F","431","FA","SUN Sat 5:30PM","0","0","1%","-0.2%"
"*06roj*","Chido Obi-Martin","MUN","F","597","FA","@BRF Sat 12:30PM","0","0","1%","-0.2%"
"*06cm0*","Christopher Nkunku","CHE","F","590","FA","BHA Sat 3:00PM","0","0","1%","0%"
"*06v0d*","Anthony Patterson","SUN","G","605","FA","@NOT Sat 5:30PM","0","0","1%","+0.1%"
"*06r6s*","Antonin Kinsky","TOT","G","538","FA","WOL Sat 8:00PM","0","0","1%","0%"
"*063c2*","Gabriel Slonina","CHE","G","648","FA","BHA Sat 3:00PM","0","0","1%","0%"
"*05n3v*","Konstantinos Tsimikas","LIV","D","665","FA","@CRY Sat 3:00PM","0","0","1%","0%"
"*03sbh*","Enes Unal","BOU","F","671","FA","@LEE Sat 3:00PM","0","0","1%","+0.3%"
"*061xs*","Julio Enciso","BHA","M","496","FA","@CHE Sat 3:00PM","0","0","1%","-0.1%"
"*062h9*","Luis Sinisterra","BOU","F","647","FA","@LEE Sat 3:00PM","0","0","1%","-0.1%"
"*04rha*","Jason Steele","BHA","G","654","FA","@CHE Sat 3:00PM","0","0","1%","-0.1%"
"*06fy7*","Nicolas Dominguez","NOT","M","490","FA","SUN Sat 5:30PM","0","0","1%","0%"
"*06hze*","Treymaurice Nyoni","LIV","M","594","FA","@CRY Sat 3:00PM","0","0","1%","0%"
"*06ys4*","Sverre Nypan","MCI","M","595","FA","BUR Sat 3:00PM","0","0","1%","+0.1%"
"*06y26*","Olivier Boscagli","BHA","D","456","FA","@CHE Sat 3:00PM","0","0","1%","-0.1%"
"*06zef*","Adam Aznou","EVE","D","432","FA","WHU Mon 8:00PM","0","0","1%","-0.1%"
"*062p0*","Stefan Bajcetic","LIV","M","437","FA","@CRY Sat 3:00PM","0","0","1%","0%"
"*06v51*","Jaka Bijol","LEE","D","450","FA","BOU Sat 3:00PM","0","0","1%","0%"
"*06kyw*","Claudio Echeverri","MCI","M","495","FA","BUR Sat 3:00PM","0","0","1%","0%"
"*06804*","Benoit Badiashile","CHE","D","434","FA","BHA Sat 3:00PM","0","0","1%","0%"
"*02lpf*","Ross Barkley","AVL","M","441","FA","FUL Sun 2:00PM","0","0","1%","+0.1%"
"*05g4d*","Dennis Cirkin","SUN","D","474","FA","@NOT Sat 5:30PM","0","0","1%","+0.1%"
"*062ot*","Cheick Doucoure","CRY","M","492","FA","LIV Sat 3:00PM","0","0","1%","+0.1%"
"*05oz4*","Karl Hein","ARS","G","519","FA","@NEW Sun 4:30PM","0","0","1%","0%"
"*04sft*","Yves Bissouma","TOT","M","452","FA","WOL Sat 8:00PM","0","0","1%","0%"
"*068sd*","Jakub Kiwior","ARS","D","539","FA","@NEW Sun 4:30PM","0","0","1%","+0.1%"
"*04vy4*","Mark Travers","EVE","G","662","FA","WHU Mon 8:00PM","0","0","1%","0%"
"*06v0y*","Luka Vuskovic","TOT","D","674","FA","WOL Sat 8:00PM","0","0","1%","0%"
"*062cw*","Stefan Ortega","MCI","G","602","FA","BUR Sat 3:00PM","0","0","1%","0%"
"*035n1*","Bertrand Traore","SUN","M","661","FA","@NOT Sat 5:30PM","0","0","1%","-0.9%"
"*06mrz*","Pedro Lima","WOL","D","469","FA","@TOT Sat 8:00PM","0","0","1%","0%"
"*06635*","Oliver Scarles","WHU","D","639","FA","@EVE Mon 8:00PM","0","0","1%","0%"
"*06eka*","Igor Julio","WHU","D","691","FA","@EVE Mon 8:00PM","0","0","1%","-0.2%"
"*06f81*","Edson Alvarez","WHU","M","421","FA","@EVE Mon 8:00PM","0","0","1%","0%"
"*06v03*","Harry Gray","LEE","F","509","FA","BOU Sat 3:00PM","0","0","1%","+0.1%"
"*05ue3*","Albert Sambi Lokonga","ARS","M","636","FA","@NEW Sun 4:30PM","0","0","1%","+0.3%"
"*03xrs*","Axel Tuanzebe","BUR","D","666","FA","@MCI Sat 3:00PM","0","0","1%","0%"
"*06l2r*","Harry Amass","MUN","D","422","FA","@BRF Sat 12:30PM","0","0","0%","0%"
"*06ygm*","Jair Paula da Cunha Filho","NOT","D","608","FA","SUN Sat 5:30PM","0","0","0%","0%"
"*06uns*","Tom Watson","BHA","F","676","FA","@CHE Sat 3:00PM","0","0","0%","0%"
"*056ir*","Adam Webster","BHA","D","677","FA","@CHE Sat 3:00PM","0","0","0%","+0.1%"
"*02oo1*","Ben Davies","TOT","D","482","FA","WOL Sat 8:00PM","0","0","0%","0%"
"*056as*","William Dennis","BOU","G","486","FA","@LEE Sat 3:00PM","0","0","0%","0%"
"*06dmn*","George Earthy","WHU","M","494","FA","@EVE Mon 8:00PM","0","0","0%","+0.1%"
"*06yb8*","Diego Leon","MUN","D","557","FA","@BRF Sat 12:30PM","0","0","0%","0%"
"*068a1*","Mykhailo Mudryk","CHE","M","585","FA","BHA Sat 3:00PM","0","0","0%","0%"
"*06zxx*","Divine Mukasa","MCI","M","586","FA","BUR Sat 3:00PM","0","0","0%","0%"
"*05yct*","Nathan Patterson","EVE","D","606","FA","WHU Mon 8:00PM","0","0","0%","0%"
"*06uzn*","Lucas Pires","BUR","D","615","FA","@MCI Sat 3:00PM","0","0","0%","0%"
"*04azm*","Connor Roberts","BUR","D","630","FA","@MCI Sat 3:00PM","0","0","0%","0%"
"*05wwd*","Joshua Wilson-Esbrand","MCI","D","683","FA","BUR Sat 3:00PM","0","0","0%","+0.3%"
"*06xze*","Walter Benitez","CRY","G","445","FA","LIV Sat 3:00PM","0","0","0%","0%"
"*06uzv*","Dario Essugo","CHE","M","470","FA","BHA Sat 3:00PM","0","0","0%","0%"
"*05n0a*","Wes Foderingham","WHU","G","500","FA","@EVE Mon 8:00PM","0","0","0%","0%"
"*06exa*","Matheus Franca","CRY","F","501","FA","LIV Sat 3:00PM","0","0","0%","0%"
"*06r9v*","Andres Garcia","AVL","D","503","FA","FUL Sun 2:00PM","0","0","0%","0%"
"*03dwz*","Tom Heaton","MUN","G","517","FA","@BRF Sat 12:30PM","0","0","0%","0%"
"*04mqv*","Emerson","WHU","D","603","FA","@EVE Mon 8:00PM","0","0","0%","0%"
"*06v6m*","Max Weiss","BUR","G","678","FA","@MCI Sat 3:00PM","0","0","0%","+0.1%"
"*06zrt*","Will Wright","LIV","F","687","FA","@CRY Sat 3:00PM","0","0","0%","0%"
"*0649i*","Antony","MUN","M","692","FA","@BRF Sat 12:30PM","0","0","0%","0%"
"*06dn2*","Zeki Amdouni","BUR","F","423","FA","@MCI Sat 3:00PM","0","0","0%","0%"
"*06p4l*","Julian Araujo","BOU","D","426","FA","@LEE Sat 3:00PM","0","0","0%","0%"
"*03ek4*","Patrick Bamford","LEE","F","439","FA","BOU Sat 3:00PM","0","0","0%","0%"
"*06dqv*","Luca Koleosho","BUR","M","540","FA","@MCI Sat 3:00PM","0","0","0%","0%"
"*06do1*","Zach Marsh","CRY","F","567","FA","LIV Sat 3:00PM","0","0","0%","0%"
"*0687b*","Alex Moreno","AVL","D","582","FA","FUL Sun 2:00PM","0","0","0%","0%"
"*05udw*","Romaine Mundle","SUN","F","587","FA","@NOT Sat 5:30PM","0","0","0%","+0.1%"
"*061z3*","Fabio Vieira","ARS","M","673","FA","@NEW Sun 4:30PM","0","0","0%","+0.1%"
"*06mx2*","Carlos Miguel","NOT","G","690","FA","SUN Sat 5:30PM","0","0","0%","0%"
"*06442*","Zach Abbott","NOT","D","411","FA","SUN Sat 5:30PM","0","0","0%","0%"
"*05xtq*","Matthew Cox","BRF","G","478","FA","MUN Sat 12:30PM","0","0","0%","0%"
"*04qos*","Issa Diop","FUL","D","487","FA","@AVL Sun 2:00PM","0","0","0%","0%"
"*06ime*","Radu Dragusin","TOT","D","493","FA","WOL Sat 8:00PM","0","0","0%","-0.1%"
"*05n03*","Kalvin Phillips","MCI","M","612","FA","BUR Sat 3:00PM","0","0","0%","0%"
"*06v04*","Armin Pecsi","LIV","G","619","FA","@CRY Sat 3:00PM","0","0","0%","0%"
"*037mt*","Harrison Reed","FUL","M","626","FA","@AVL Sun 2:00PM","0","0","0%","0%"
"*06jfe*","Hakon Valdimarsson","BRF","G","672","FA","MUN Sat 12:30PM","0","0","0%","0%"
"*04gyd*","Brandon Austin","TOT","G","430","FA","WOL Sat 8:00PM","0","0","0%","0%"
"*02lo6*","Daniel Bentley","WOL","G","444","FA","@TOT Sat 8:00PM","0","0","0%","0%"
"*06fwo*","Enso Gonzalez","WOL","F","507","FA","@TOT Sat 8:00PM","0","0","0%","0%"
"*05746*","Emil Krafth","NEW","D","546","FA","ARS Sun 4:30PM","0","0","0%","0%"
"*070gt*","John Victor Maciel Furtado","NOT","G","559","FA","SUN Sat 5:30PM","0","0","0%","0%"
"*06v0e*","Blondy Nna Noukeu","SUN","G","591","FA","@NOT Sat 5:30PM","0","0","0%","0%"
"*06mnn*","Chadi Riad","CRY","D","628","FA","LIV Sat 3:00PM","0","0","0%","-0.1%"
"*070hr*","Jonah Kusi-Asare","FUL","F","548","FA","@AVL Sun 2:00PM","0","0","0%","-0.1%"
"*06zbw*","Benjamin Lecomte","FUL","G","554","FA","@AVL Sun 2:00PM","0","0","0%","0%"
"*04qr0*","Willy Boly","NOT","D","453","FA","SUN Sat 5:30PM","0","0","0%","0%"
"*064op*","Tyler Fredricson","MUN","D","502","FA","@BRF Sat 12:30PM","0","0","0%","0%"
"*05a6d*","Tariq Lamptey","BHA","D","552","FA","@CHE Sat 3:00PM","0","0","0%","0%"
"*06phr*","Gustavo Nunes","BRF","F","593","FA","MUN Sat 12:30PM","0","0","0%","0%"
"*05nip*","Dane Scarlett","TOT","F","640","FA","WOL Sat 8:00PM","0","0","0%","0%"
"*06nvc*","Asher Agbinone","CRY","M","414","FA","LIV Sat 3:00PM","0","0","0%","0%"
"*06y28*","Sebastiaan Bornauw","LEE","D","455","FA","BOU Sat 3:00PM","0","0","0%","0%"
"*05uh9*","Bryan Gil","TOT","F","504","FA","WOL Sat 8:00PM","0","0","0%","0%"
"*06zbq*","Andre Harriman-Annous","ARS","F","515","FA","@NEW Sun 4:30PM","0","0","0%","+0.2%"
"*06s7s*","Harry Howell","BHA","F","528","FA","@CHE Sat 3:00PM","0","0","0%","0%"
"*05ubh*","Remi Matthews","CRY","G","571","FA","LIV Sat 3:00PM","0","0","0%","+0.1%"
"*06nbu*","Stephen Mfuni","MCI","D","577","FA","BUR Sat 3:00PM","0","0","0%","+0.3%"
"*05vyc*","Aaron Ramsey","BUR","M","625","FA","@MCI Sat 3:00PM","0","0","0%","0%"
"*05tr5*","Mads Roerslev","BRF","D","632","FA","MUN Sat 12:30PM","0","0","0%","0%"
"*03m5i*","Freddie Woodman","LIV","G","685","FA","@CRY Sat 3:00PM","0","0","0%","0%"
"*06zxz*","Scott Bailey","NEW","M","436","FA","ARS Sun 4:30PM","0","0","0%","+0.1%"
"*06clx*","Jordan Beyer","BUR","D","449","FA","@MCI Sat 3:00PM","0","0","0%","0%"
"*070hb*","Jaydee Canvot","CRY","D","467","FA","LIV Sat 3:00PM","0","0","0%","-0.1%"
"*06ib6*","Tawanda Chirewa","WOL","M","472","FA","@TOT Sat 8:00PM","0","0","0%","+0.1%"
"*06klv*","Jayden Danns","LIV","F","480","FA","@CRY Sat 3:00PM","0","0","0%","0%"
"*05x12*","Leo Fuhr Hjelde","SUN","D","524","FA","@NOT Sat 5:30PM","0","0","0%","0%"
"*066iz*","Lewis Orford","WHU","M","601","FA","@EVE Mon 8:00PM","0","0","0%","0%"
"*06zc0*","Seung-Soo Park","NEW","F","604","FA","ARS Sun 4:30PM","0","0","0%","-0.1%"
"*05rjn*","Jesurun Rak-Sakyi","CRY","M","620","FA","LIV Sat 3:00PM","0","0","0%","0%"
"*05x9k*","Jeremy Sarmiento","BHA","M","638","FA","@CHE Sat 3:00PM","0","0","0%","0%"
"*0372y*","Matt Targett","NEW","D","657","FA","ARS Sun 4:30PM","0","0","0%","0%"
"*068ys*","Naouirou Ahamada","CRY","M","416","FA","LIV Sat 3:00PM","0","0","0%","0%"
"*06v0v*","Milan Aleksic","SUN","F","419","FA","@NOT Sat 5:30PM","0","0","0%","0%"
"*05ogg*","Ajibola Alese","SUN","D","420","FA","@NOT Sat 5:30PM","0","0","0%","0%"
"*06r5m*","Aaron Anselmino","CHE","D","425","FA","BHA Sat 3:00PM","0","0","0%","0%"
"*05ogh*","Harrison Ashby","NEW","D","429","FA","ARS Sun 4:30PM","0","0","0%","0%"
"*02ls8*","Marcus Bettinelli","MCI","G","447","FA","BUR Sat 3:00PM","0","0","0%","0%"
"*04f67*","Philip Billing","BOU","M","451","FA","@LEE Sat 3:00PM","0","0","0%","0%"
"*05w90*","Maxwel Cornet","WHU","F","477","FA","@EVE Mon 8:00PM","0","0","0%","0%"
"*06fuh*","Hannes Delcroix","BUR","D","483","FA","@MCI Sat 3:00PM","0","0","0%","0%"
"*06xzb*","Romelle Donovan","BRF","M","491","FA","MUN Sat 12:30PM","0","0","0%","0%"
"*05r4r*","Sam Greenwood","LEE","F","511","FA","BOU Sat 3:00PM","0","0","0%","0%"
"*062du*","Darko Gyabi","LEE","M","514","FA","BOU Sat 3:00PM","0","0","0%","0%"
"*05r2t*","Niall Huggins","SUN","F","529","FA","@NOT Sat 5:30PM","0","0","0%","0%"
"*066sh*","Bashir Humphreys","BUR","D","530","FA","@MCI Sat 3:00PM","0","0","0%","0%"
"*06mnb*","Samuel Iling-Junior","AVL","F","531","FA","FUL Sun 2:00PM","0","0","0%","0%"
"*06prv*","Jamaldeen Jimoh","AVL","M","532","FA","FUL Sun 2:00PM","0","0","0%","0%"
"*06nvb*","Caleb Kporha","CRY","D","545","FA","LIV Sat 3:00PM","0","0","0%","0%"
"*06zrq*","Wellity Lucky","LIV","D","558","FA","@CRY Sat 3:00PM","0","0","0%","0%"
"*04tsf*","Paris Maghoma","BRF","M","561","FA","MUN Sat 12:30PM","0","0","0%","0%"
"*06rpm*","Mateus Mane","WOL","F","565","FA","@TOT Sat 8:00PM","0","0","0%","0%"
"*06ewy*","Alex Murphy","NEW","D","588","FA","ARS Sun 4:30PM","0","0","0%","0%"
"*05afj*","Largie Ramazani","LEE","F","622","FA","BOU Sat 3:00PM","0","0","0%","0%"
"*061z5*","Calvin Ramsay","LIV","D","623","FA","@CRY Sat 3:00PM","0","0","0%","0%"
"*062op*","Omar Richards","NOT","D","629","FA","SUN Sat 5:30PM","0","0","0%","0%"
"*06ya6*","Kota Takai","TOT","D","656","FA","WOL Sat 8:00PM","0","0","0%","0%"
"*06fy5*","Mike Tresor","BUR","F","663","FA","@MCI Sat 3:00PM","0","0","0%","0%"
"*05oji*","Rhys Williams","LIV","D","681","FA","@CRY Sat 3:00PM","0","0","0%","0%"
"*06cly*","Enock Agyei","BUR","F","415","FA","@MCI Sat 3:00PM","0","0","0%","0%"
"*06uzw*","Alex Cairns","LEE","G","464","FA","BOU Sat 3:00PM","0","0","0%","0%"
"*06v00*","Sam Chambers","LEE","M","471","FA","BOU Sat 3:00PM","0","0","0%","0%"
"*05uog*","Lewis Dobbin","AVL","F","489","FA","FUL Sun 2:00PM","0","0","0%","+0.1%"
"*05n09*","Mark Gillespie","NEW","G","505","FA","ARS Sun 4:30PM","0","0","0%","0%"
"*06441*","Martial Godo","FUL","F","506","FA","@AVL Sun 2:00PM","0","0","0%","0%"
"*044i7*","Angus Gunn","NOT","G","513","FA","SUN Sat 5:30PM","0","0","0%","0%"
"*06v0q*","Harrison Jones","SUN","M","534","FA","@NOT Sat 5:30PM","0","0","0%","0%"
"*06ils*","Yunus Konak","BRF","M","542","FA","MUN Sat 12:30PM","0","0","0%","0%"
"*06zrs*","Michael Laffey","LIV","M","549","FA","@CRY Sat 3:00PM","0","0","0%","0%"
"*06c4p*","Benson Manuel","BUR","F","564","FA","@MCI Sat 3:00PM","0","0","0%","0%"
"*06mgk*","Jayden Meghoma","BRF","D","574","FA","MUN Sat 12:30PM","0","0","0%","0%"
"*033l8*","Simon Moore","SUN","G","580","FA","@NOT Sat 5:30PM","0","0","0%","0%"
"*06few*","Youssef Chermiti","EVE","F","621","FA","WHU Mon 8:00PM","0","0","0%","0%"
"*06r3w*","Remy Rees-Dottin","BOU","F","627","FA","@LEE Sat 3:00PM","0","0","0%","0%"
"*062oi*","Kaden Rodney","CRY","M","631","FA","LIV Sat 3:00PM","0","0","0%","0%"
"*02m3v*","John Ruddy","NEW","G","634","FA","ARS Sun 4:30PM","0","0","0%","0%"
"*05o8k*","Fabio Silva","WOL","F","649","FA","@TOT Sat 8:00PM","0","0","0%","0%"
"*06zeg*","Max Thompson","NEW","G","659","FA","ARS Sun 4:30PM","0","0","0%","0%"
"*06mnd*","Eric da Silva Moreira","NOT","F","688","FA","SUN Sat 5:30PM","0","0","0%","0%"
"*06v0u*","Ahmed Abdullahi","SUN","F","412","FA","@NOT Sat 5:30PM","0","0","0%","0%"
"*067y2*","Daniel Adu-Addei","BOU","F","413","FA","@LEE Sat 3:00PM","0","0","0%","0%"
"*06kwh*","Benjamin Arthur","BRF","D","428","FA","MUN Sat 12:30PM","0","0","0%","0%"
"*06uzr*","Jaydon Banel","BUR","F","440","FA","@MCI Sat 3:00PM","0","0","0%","0%"
"*0643r*","Owen Bevan","BOU","D","448","FA","@LEE Sat 3:00PM","0","0","0%","0%"
"*06v0k*","Alan Browne","SUN","M","461","FA","@NOT Sat 5:30PM","0","0","0%","0%"
"*06zbt*","Rio Cardines","CRY","M","468","FA","LIV Sat 3:00PM","0","0","0%","0%"
"*06zrr*","Josh Davidson","LIV","D","481","FA","@CRY Sat 3:00PM","0","0","0%","0%"
"*04u6i*","Leander Dendoncker","AVL","M","484","FA","FUL Sun 2:00PM","0","0","0%","0%"
"*05tz8*","Emmanuel Dennis","NOT","F","485","FA","SUN Sat 5:30PM","0","0","0%","0%"
"*02lym*","Lukasz Fabianski","WHU","G","498","FA","@EVE Mon 8:00PM","0","0","0%","0%"
"*05uhl*","Kaide Gordon","LIV","F","508","W <small>(Fri)</small>","@CRY Sat 3:00PM","0","0","0%","-1.8%"
"*06uzk*","Etienne Green","BUR","G","510","FA","@MCI Sat 3:00PM","0","0","0%","+0.1%"
"*06qgn*","Shumaira Mheuka","CHE","F","578","W <small>(Fri)</small>","BHA Sat 3:00PM","0","0","0%","-1.8%"
"*05r93*","Tyler Onyango","EVE","M","600","FA","WHU Mon 8:00PM","0","0","0%","0%"
"*06awp*","Travis Patterson","AVL","D","607","FA","FUL Sun 2:00PM","0","0","0%","0%"
"*04ym3*","Ian Poveda-Ocampo","SUN","F","617","FA","@NOT Sat 5:30PM","0","0","0%","0%"
"*06uzx*","Isaac Schmidt","LEE","D","641","FA","BOU Sat 3:00PM","0","0","0%","0%"
"*06zqi*","Joshua Stephenson","BRF","D","655","FA","MUN Sat 12:30PM","0","0","0%","+0.1%"
"*05rc7*","Harry Tyrer","EVE","G","669","FA","WHU Mon 8:00PM","0","0","0%","0%"
"*06kk4*","Franco Umeh-Chibueze","CRY","F","670","FA","LIV Sat 3:00PM","0","0","0%","0%"
"*06rrq*","Reggie Walsh","CHE","M","675","W <small>(Fri)</small>","BHA Sat 3:00PM","0","0","0%","-1.8%"
"*06r5r*","Matai Akinmboni","BOU","D","418","FA","@LEE Sat 3:00PM","0","0","0%","0%"
"*05uh0*","Joseph Anderson","SUN","D","424","FA","@NOT Sat 5:30PM","0","0","0%","0%"
"*05u40*","Ellery Balcombe","BRF","G","438","FA","MUN Sat 12:30PM","0","0","0%","0%"
"*06zod*","Dean Benamar","CRY","D","443","FA","LIV Sat 3:00PM","0","0","0%","0%"
"*06zc3*","Junai Byfield","TOT","D","463","FA","WOL Sat 8:00PM","0","0","0%","0%"
"*06jgk*","Romain Faivre","BOU","M","499","FA","@LEE Sat 3:00PM","0","0","0%","0%"
"*06zvn*","George Hemmings","AVL","M","520","FA","FUL Sun 2:00PM","0","0","0%","0%"
"*06cmt*","Tom King","EVE","G","537","FA","WHU Mon 8:00PM","0","0","0%","0%"
"*062ft*","Tyrell Malacia","MUN","D","562","FA","@BRF Sat 12:30PM","0","0","0%","0%"
"*06hcm*","Callum Marshall","WHU","F","568","FA","@EVE Mon 8:00PM","0","0","0%","0%"
"*06jgu*","Callan McKenna","BOU","G","573","FA","@LEE Sat 3:00PM","0","0","0%","0%"
"*04ylt*","Chris Mepham","BOU","D","575","FA","@LEE Sat 3:00PM","0","0","0%","0%"
"*06mex*","Alex Paulsen","BOU","G","609","FA","@LEE Sat 3:00PM","0","0","0%","0%"
"*05nuf*","Myles Peart-Harris","BRF","M","610","FA","MUN Sat 12:30PM","0","0","0%","0%"
"*06xzk*","Timothee Pembele","SUN","D","611","FA","@NOT Sat 5:30PM","0","0","0%","+0.1%"
"*06prt*","Triston Rowe","AVL","D","633","FA","FUL Sun 2:00PM","0","0","0%","0%"
"*062cj*","Abdallah Sima","BHA","F","644","FA","@CHE Sat 3:00PM","0","0","0%","0%"
"*070hm*","Luis Eduardo Soares da Silva","NOT","D","650","FA","SUN Sat 5:30PM","0","0","0%","0%"
"*06rwp*","Charlie Tasker","BHA","D","658","FA","@CHE Sat 3:00PM","0","0","0%","0%"
"*06xzl*","Nectarios Triantis","SUN","D","664","FA","@NOT Sat 5:30PM","0","0","0%","+0.1%"
"*06qq9*","Luca Williams-Barnett","TOT","F","682","W <small>(Fri)</small>","WOL Sat 8:00PM","0","0","0%","-1.9%"
"*06xzn*","Abdoullah Ba","SUN","M","433","FA","@NOT Sat 5:30PM","0","0","0%","0%"
"*03dxr*","Ashley Barnes","BUR","F","442","FA","@MCI Sat 3:00PM","0","0","0%","0%"
"*0700s*","Adam Berry","NOT","M","446","FA","SUN Sat 5:30PM","0","0","0%","0%"
"*06cm7*","Josh Bowler","NOT","M","457","FA","SUN Sat 5:30PM","0","0","0%","0%"
"*06pry*","Kaden Braithwaite","MCI","D","458","W <small>(Fri)</small>","BUR Sat 3:00PM","0","0","0%","-1.9%"
"*06zoe*","Luke Browne","CRY","D","462","FA","LIV Sat 3:00PM","0","0","0%","0%"
"*0645w*","Krisztian Hegyi","WHU","G","518","FA","@EVE Mon 8:00PM","0","0","0%","0%"
"*06nlc*","Reigan Heskey","MCI","F","522","W <small>(Fri)</small>","BUR Sat 3:00PM","0","0","0%","-1.9%"
"*06xzo*","Jay Matete","SUN","M","570","FA","@NOT Sat 5:30PM","0","0","0%","0%"
"*05vyh*","Andy Moran","BHA","M","581","FA","@CHE Sat 3:00PM","0","0","0%","0%"
"*06rkq*","Kieran Morrison","LIV","M","583","W <small>(Fri)</small>","@CRY Sat 3:00PM","0","0","0%","-1.9%"
"*070en*","Oliver Pimlott","BUR","F","614","FA","@MCI Sat 3:00PM","0","0","0%","0%"
"*06ie2*","Sam Proctor","AVL","G","618","FA","FUL Sun 2:00PM","0","0","0%","0%"
"*06xzq*","Nazariy Rusyn","SUN","F","635","FA","@NOT Sat 5:30PM","0","0","0%","+0.1%"
"*06nk0*","Tommy Setford","ARS","G","642","FA","@NEW Sun 4:30PM","0","0","0%","0%"
"*06xzp*","Luis Hemir Silva Semedo","SUN","F","643","FA","@NOT Sat 5:30PM","0","0","0%","0%"
"*06zc8*","Tynan Thompson","TOT","F","660","W <small>(Fri)</small>","WOL Sat 8:00PM","0","0","0%","-1.9%"
"*06v0x*","Tymur Tutierov","SUN","F","667","FA","@NOT Sat 5:30PM","0","0","0%","+0.1%"
"*06uzs*","Tom Tweedy","BUR","F","668","FA","@MCI Sat 3:00PM","0","0","0%","0%"
"*06avm*","James Wright","AVL","G","686","FA","FUL Sun 2:00PM","0","0","0%","0%"
"*06pru*","Aidan Borland","AVL","M","454","FA","FUL Sun 2:00PM","0","0","0%","0%"
"*06kji*","Ollie Harrison","CHE","M","516","W <small>(Fri)</small>","BHA Sat 3:00PM","0","0","0%","-2%"
"*06nbw*","Jaden Heskey","MCI","F","521","W <small>(Fri)</small>","BUR Sat 3:00PM","0","0","0%","-2%"
"*06mfw*","Vaclav Hladky","BUR","G","525","FA","@MCI Sat 3:00PM","0","0","0%","0%"
"*06xzm*","Zak Johnson","SUN","D","533","FA","@NOT Sat 5:30PM","0","0","0%","0%"
"*070eo*","Jenson Jones","SUN","M","536","FA","@NOT Sat 5:30PM","0","0","0%","0%"
"*06zqj*","Ethan Laidlaw","BRF","F","550","FA","MUN Sat 12:30PM","0","0","0%","0%"
"*05rbn*","Thomas McGill","BHA","G","572","FA","@CHE Sat 3:00PM","0","0","0%","0%"
"*06xzj*","David Mota Veiga Teixeira do Carmo","NOT","D","584","FA","SUN Sat 5:30PM","0","0","0%","0%"
"*06s7r*","Freddie Simmonds","BHA","D","645","FA","@CHE Sat 3:00PM","0","0","0%","0%"
"*0700r*","Jimmy Sinclair","NOT","M","646","FA","SUN Sat 5:30PM","0","0","0%","0%"
"*06mmk*","Marko Stamenic","NOT","M","653","FA","SUN Sat 5:30PM","0","0","0%","0%"
"*0700q*","Archie Whitehall","NOT","M","679","FA","SUN Sat 5:30PM","0","0","0%","0%"
"*070eq*","Jack Whittaker","SUN","M","680","FA","@NOT Sat 5:30PM","0","0","0%","0%"
"*071xd*","George Brierley","BUR","M","460","W <small>(Fri)</small>","@MCI Sat 3:00PM","0","0","0%","0%"
"*06idv*","Elijah Campbell","EVE","D","465","FA","WHU Mon 8:00PM","0","0","0%","0%"
"*071xc*","Murray Campbell","BUR","D","466","W <small>(Fri)</small>","@MCI Sat 3:00PM","0","0","0%","0%"
"*071xe*","Ellis Clark","BUR","M","475","W <small>(Fri)</small>","@MCI Sat 3:00PM","0","0","0%","0%"
"*06jb3*","Ted Curd","CHE","G","479","FA","BHA Sat 3:00PM","0","0","0%","0%"
"*06on4*","Julian Eyestone","BRF","G","497","FA","MUN Sat 12:30PM","0","0","0%","0%"
"*070ep*","Jayden Jones","SUN","M","535","FA","@NOT Sat 5:30PM","0","0","0%","0%"
"*070em*","Marley Leuluai","BUR","M","556","FA","@MCI Sat 3:00PM","0","0","0%","-0.1%"
"*06v0r*","Ben Middlemas","SUN","M","579","FA","@NOT Sat 5:30PM","0","0","0%","0%"
"*06v0w*","Trey Ogunsuyi","SUN","F","598","FA","@NOT Sat 5:30PM","0","0","0%","0%"
"*06yjz*","Tommy Pilling","LIV","M","613","W <small>(Fri)</small>","@CRY Sat 3:00PM","0","0","0%","0%"
"*071xf*","Brandon Pouani","BUR","F","616","W <small>(Fri)</small>","@MCI Sat 3:00PM","0","0","0%","0%"
"*06xzc*","Stefanos Tzimas","BHA","F","693","FA","@CHE Sat 3:00PM","-0.06","-0.06","1%","-0.2%"
"*043qy*","Lewis Cook","BOU","M","694","FA","@LEE Sat 3:00PM","-0.19","-0.19","14%","-0.6%"
"*0328q*","Tom Cairney","FUL","M","695","FA","@AVL Sun 2:00PM","-0.86","-0.29","0%","0%"
"*06zqq*","Jorrel Hato","CHE","D","696","FA","BHA Sat 3:00PM","-1.68","-0.84","6%","-9.9%"
